{"schemaVersion":4,"source":{"uri":"models/Pets/Crab/crab.gltf","sha256":"065cfb11ea7a83fd8645c37d179554a2797b57070b8e9d88410498890e5bb8b3"},"animationNames":["idle","idle2","walk"],"boundingBox":{"min":{"x":-0.5677372846826274,"y":-0.004446521632781558,"z":-0.4763135074560362},"max":{"x":0.5677372846826274,"y":0.58125,"z":0.32186208358839075}},"nodeNames":["cube","cube","cube","cube","arm","cube","cube","cube","arm2","cube","eye","cube","eye2","body","cube","leg_1","cube","leg_2","cube","leg_3","cube","leg_4","cube","leg_5","cube","leg_6","crab",""],"trimesh":{"vertices":[0.3125,0.1875,0.25,0.3125,-0.125,0.25,0.3125,0.1875,-0.25,0.3125,-0.125,-0.25,-0.3125,0.1875,-0.25,-0.3125,-0.125,-0.25,-0.3125,0.1875,0.25,-0.3125,-0.125,0.25,-0.3125,0.1875,-0.25,-0.3125,0.1875,0.25,0.3125,0.1875,-0.25,0.3125,0.1875,0.25,-0.3125,-0.125,0.25,-0.3125,-0.125,-0.25,0.3125,-0.125,0.25,0.3125,-0.125,-0.25,-0.3125,0.1875,0.25,-0.3125,-0.125,0.25,0.3125,0.1875,0.25,0.3125,-0.125,0.25,0.3125,0.1875,-0.25,0.3125,-0.125,-0.25,-0.3125,0.1875,-0.25,-0.3125,-0.125,-0.25,-0.0625,0.03125,0.25,-0.0625,-0.03125,0.25,-0.0625,0.03125,0.125,-0.0625,-0.03125,0.125,-0.3125,0.03125,0.125,-0.3125,-0.03125,0.125,-0.3125,0.03125,0.25,-0.3125,-0.03125,0.25,-0.3125,0.03125,0.125,-0.3125,0.03125,0.25,-0.0625,0.03125,0.125,-0.0625,0.03125,0.25,-0.3125,-0.03125,0.25,-0.3125,-0.03125,0.125,-0.0625,-0.03125,0.25,-0.0625,-0.03125,0.125,-0.3125,0.03125,0.25,-0.3125,-0.03125,0.25,-0.0625,0.03125,0.25,-0.0625,-0.03125,0.25,-0.0625,0.03125,0.125,-0.0625,-0.03125,0.125,-0.3125,0.03125,0.125,-0.3125,-0.03125,0.125,-0.25,0.09375,0.25,-0.25,0.03125,0.25,-0.25,0.09375,0.125,-0.25,0.03125,0.125,-0.3125,0.09375,0.125,-0.3125,0.03125,0.125,-0.3125,0.09375,0.25,-0.3125,0.03125,0.25,-0.3125,0.09375,0.125,-0.3125,0.09375,0.25,-0.25,0.09375,0.125,-0.25,0.09375,0.25,-0.3125,0.03125,0.25,-0.3125,0.03125,0.125,-0.25,0.03125,0.25,-0.25,0.03125,0.125,-0.3125,0.09375,0.25,-0.3125,0.03125,0.25,-0.25,0.09375,0.25,-0.25,0.03125,0.25,-0.25,0.09375,0.125,-0.25,0.03125,0.125,-0.3125,0.09375,0.125,-0.3125,0.03125,0.125,-0.0625,0.21875,0.25,-0.0625,0.09375,0.25,-0.0625,0.21875,0.125,-0.0625,0.09375,0.125,-0.3125,0.21875,0.125,-0.3125,0.09375,0.125,-0.3125,0.21875,0.25,-0.3125,0.09375,0.25,-0.3125,0.21875,0.125,-0.3125,0.21875,0.25,-0.0625,0.21875,0.125,-0.0625,0.21875,0.25,-0.3125,0.09375,0.25,-0.3125,0.09375,0.125,-0.0625,0.09375,0.25,-0.0625,0.09375,0.125,-0.3125,0.21875,0.25,-0.3125,0.09375,0.25,-0.0625,0.21875,0.25,-0.0625,0.09375,0.25,-0.0625,0.21875,0.125,-0.0625,0.09375,0.125,-0.3125,0.21875,0.125,-0.3125,0.09375,0.125,0.3125,0.03125,0.25,0.3125,-0.03125,0.25,0.3125,0.03125,0.125,0.3125,-0.03125,0.125,0.0625,0.03125,0.125,0.0625,-0.03125,0.125,0.0625,0.03125,0.25,0.0625,-0.03125,0.25,0.0625,0.03125,0.125,0.0625,0.03125,0.25,0.3125,0.03125,0.125,0.3125,0.03125,0.25,0.0625,-0.03125,0.25,0.0625,-0.03125,0.125,0.3125,-0.03125,0.25,0.3125,-0.03125,0.125,0.0625,0.03125,0.25,0.0625,-0.03125,0.25,0.3125,0.03125,0.25,0.3125,-0.03125,0.25,0.3125,0.03125,0.125,0.3125,-0.03125,0.125,0.0625,0.03125,0.125,0.0625,-0.03125,0.125,0.3125,0.09375,0.25,0.3125,0.03125,0.25,0.3125,0.09375,0.125,0.3125,0.03125,0.125,0.25,0.09375,0.125,0.25,0.03125,0.125,0.25,0.09375,0.25,0.25,0.03125,0.25,0.25,0.09375,0.125,0.25,0.09375,0.25,0.3125,0.09375,0.125,0.3125,0.09375,0.25,0.25,0.03125,0.25,0.25,0.03125,0.125,0.3125,0.03125,0.25,0.3125,0.03125,0.125,0.25,0.09375,0.25,0.25,0.03125,0.25,0.3125,0.09375,0.25,0.3125,0.03125,0.25,0.3125,0.09375,0.125,0.3125,0.03125,0.125,0.25,0.09375,0.125,0.25,0.03125,0.125,0.3125,0.21875,0.25,0.3125,0.09375,0.25,0.3125,0.21875,0.125,0.3125,0.09375,0.125,0.0625,0.21875,0.125,0.0625,0.09375,0.125,0.0625,0.21875,0.25,0.0625,0.09375,0.25,0.0625,0.21875,0.125,0.0625,0.21875,0.25,0.3125,0.21875,0.125,0.3125,0.21875,0.25,0.0625,0.09375,0.25,0.0625,0.09375,0.125,0.3125,0.09375,0.25,0.3125,0.09375,0.125,0.0625,0.21875,0.25,0.0625,0.09375,0.25,0.3125,0.21875,0.25,0.3125,0.09375,0.25,0.3125,0.21875,0.125,0.3125,0.09375,0.125,0.0625,0.21875,0.125,0.0625,0.09375,0.125,0.25,0.0625,-0.125,0.25,-0.0625,-0.125,0.25,0.0625,-0.1875,0.25,-0.0625,-0.1875,0.0625,0.0625,-0.1875,0.0625,-0.0625,-0.1875,0.0625,0.0625,-0.125,0.0625,-0.0625,-0.125,0.0625,0.0625,-0.1875,0.0625,0.0625,-0.125,0.25,0.0625,-0.1875,0.25,0.0625,-0.125,0.0625,-0.0625,-0.125,0.0625,-0.0625,-0.1875,0.25,-0.0625,-0.125,0.25,-0.0625,-0.1875,0.0625,0.0625,-0.125,0.0625,-0.0625,-0.125,0.25,0.0625,-0.125,0.25,-0.0625,-0.125,0.25,0.0625,-0.1875,0.25,-0.0625,-0.1875,0.0625,0.0625,-0.1875,0.0625,-0.0625,-0.1875,-0.0625,0.0625,-0.125,-0.0625,-0.0625,-0.125,-0.0625,0.0625,-0.1875,-0.0625,-0.0625,-0.1875,-0.25,0.0625,-0.1875,-0.25,-0.0625,-0.1875,-0.25,0.0625,-0.125,-0.25,-0.0625,-0.125,-0.25,0.0625,-0.1875,-0.25,0.0625,-0.125,-0.0625,0.0625,-0.1875,-0.0625,0.0625,-0.125,-0.25,-0.0625,-0.125,-0.25,-0.0625,-0.1875,-0.0625,-0.0625,-0.125,-0.0625,-0.0625,-0.1875,-0.25,0.0625,-0.125,-0.25,-0.0625,-0.125,-0.0625,0.0625,-0.125,-0.0625,-0.0625,-0.125,-0.0625,0.0625,-0.1875,-0.0625,-0.0625,-0.1875,-0.25,0.0625,-0.1875,-0.25,-0.0625,-0.1875,0.125,0,-0.125,0.125,-0.125,-0.125,0.125,0,-0.25,0.125,-0.125,-0.25,-0.1875,0,-0.25,-0.1875,-0.125,-0.25,-0.1875,0,-0.125,-0.1875,-0.125,-0.125,-0.1875,0,-0.25,-0.1875,0,-0.125,0.125,0,-0.25,0.125,0,-0.125,-0.1875,-0.125,-0.125,-0.1875,-0.125,-0.25,0.125,-0.125,-0.125,0.125,-0.125,-0.25,-0.1875,0,-0.125,-0.1875,-0.125,-0.125,0.125,0,-0.125,0.125,-0.125,-0.125,0.125,0,-0.25,0.125,-0.125,-0.25,-0.1875,0,-0.25,-0.1875,-0.125,-0.25,0.1875,0,-0.125,0.1875,-0.125,-0.125,0.1875,0,-0.25,0.1875,-0.125,-0.25,-0.125,0,-0.25,-0.125,-0.125,-0.25,-0.125,0,-0.125,-0.125,-0.125,-0.125,-0.125,0,-0.25,-0.125,0,-0.125,0.1875,0,-0.25,0.1875,0,-0.125,-0.125,-0.125,-0.125,-0.125,-0.125,-0.25,0.1875,-0.125,-0.125,0.1875,-0.125,-0.25,-0.125,0,-0.125,-0.125,-0.125,-0.125,0.1875,0,-0.125,0.1875,-0.125,-0.125,0.1875,0,-0.25,0.1875,-0.125,-0.25,-0.125,0,-0.25,-0.125,-0.125,-0.25,0.125,0,-0.125,0.125,-0.125,-0.125,0.125,0,-0.25,0.125,-0.125,-0.25,-0.1875,0,-0.25,-0.1875,-0.125,-0.25,-0.1875,0,-0.125,-0.1875,-0.125,-0.125,-0.1875,0,-0.25,-0.1875,0,-0.125,0.125,0,-0.25,0.125,0,-0.125,-0.1875,-0.125,-0.125,-0.1875,-0.125,-0.25,0.125,-0.125,-0.125,0.125,-0.125,-0.25,-0.1875,0,-0.125,-0.1875,-0.125,-0.125,0.125,0,-0.125,0.125,-0.125,-0.125,0.125,0,-0.25,0.125,-0.125,-0.25,-0.1875,0,-0.25,-0.1875,-0.125,-0.25,0.1875,0,-0.125,0.1875,-0.125,-0.125,0.1875,0,-0.25,0.1875,-0.125,-0.25,-0.125,0,-0.25,-0.125,-0.125,-0.25,-0.125,0,-0.125,-0.125,-0.125,-0.125,-0.125,0,-0.25,-0.125,0,-0.125,0.1875,0,-0.25,0.1875,0,-0.125,-0.125,-0.125,-0.125,-0.125,-0.125,-0.25,0.1875,-0.125,-0.125,0.1875,-0.125,-0.25,-0.125,0,-0.125,-0.125,-0.125,-0.125,0.1875,0,-0.125,0.1875,-0.125,-0.125,0.1875,0,-0.25,0.1875,-0.125,-0.25,-0.125,0,-0.25,-0.125,-0.125,-0.25,0.125,0,-0.125,0.125,-0.125,-0.125,0.125,0,-0.25,0.125,-0.125,-0.25,-0.1875,0,-0.25,-0.1875,-0.125,-0.25,-0.1875,0,-0.125,-0.1875,-0.125,-0.125,-0.1875,0,-0.25,-0.1875,0,-0.125,0.125,0,-0.25,0.125,0,-0.125,-0.1875,-0.125,-0.125,-0.1875,-0.125,-0.25,0.125,-0.125,-0.125,0.125,-0.125,-0.25,-0.1875,0,-0.125,-0.1875,-0.125,-0.125,0.125,0,-0.125,0.125,-0.125,-0.125,0.125,0,-0.25,0.125,-0.125,-0.25,-0.1875,0,-0.25,-0.1875,-0.125,-0.25,0.1875,0,-0.125,0.1875,-0.125,-0.125,0.1875,0,-0.25,0.1875,-0.125,-0.25,-0.125,0,-0.25,-0.125,-0.125,-0.25,-0.125,0,-0.125,-0.125,-0.125,-0.125,-0.125,0,-0.25,-0.125,0,-0.125,0.1875,0,-0.25,0.1875,0,-0.125,-0.125,-0.125,-0.125,-0.125,-0.125,-0.25,0.1875,-0.125,-0.125,0.1875,-0.125,-0.25,-0.125,0,-0.125,-0.125,-0.125,-0.125,0.1875,0,-0.125,0.1875,-0.125,-0.125,0.1875,0,-0.25,0.1875,-0.125,-0.25,-0.125,0,-0.25,-0.125,-0.125,-0.25],