{"schemaVersion":4,"source":{"uri":"models/Pickaxes/PickaxeModelIron/iron-pickaxe.gltf","sha256":"2da9da4dd2eae6bce5c2064129690cd1cf20d1aac82ec4628a0fd5f835df4dfb"},"animationNames":[],"boundingBox":{"min":{"x":-0.3275171945570243,"y":0,"z":-0.0625},"max":{"x":0.3275171945570243,"y":0.84375,"z":0.0625}},"nodeNames":["cube","cube","cube","cube","cube","cube","cube","pickaxe"],"trimesh":{"vertices":[0.03125,0.421875,0.03125,0.03125,-0.359375,0.03125,0.03125,0.421875,-0.03125,0.03125,-0.359375,-0.03125,-0.03125,0.421875,-0.03125,-0.03125,-0.359375,-0.03125,-0.03125,0.421875,0.03125,-0.03125,-0.359375,0.03125,-0.03125,0.421875,-0.03125,-0.03125,0.421875,0.03125,0.03125,0.421875,-0.03125,0.03125,0.421875,0.03125,-0.03125,-0.359375,0.03125,-0.03125,-0.359375,-0.03125,0.03125,-0.359375,0.03125,0.03125,-0.359375,-0.03125,-0.03125,0.421875,0.03125,-0.03125,-0.359375,0.03125,0.03125,0.421875,0.03125,0.03125,-0.359375,0.03125,0.03125,0.421875,-0.03125,0.03125,-0.359375,-0.03125,-0.03125,0.421875,-0.03125,-0.03125,-0.359375,-0.03125,0.0625,0.390625,0.0625,0.0625,0.203125,0.0625,0.0625,0.390625,-0.0625,0.0625,0.203125,-0.0625,-0.0625,0.390625,-0.0625,-0.0625,0.203125,-0.0625,-0.0625,0.390625,0.0625,-0.0625,0.203125,0.0625,-0.0625,0.390625,-0.0625,-0.0625,0.390625,0.0625,0.0625,0.390625,-0.0625,0.0625,0.390625,0.0625,-0.0625,0.203125,0.0625,-0.0625,0.203125,-0.0625,0.0625,0.203125,0.0625,0.0625,0.203125,-0.0625,-0.0625,0.390625,0.0625,-0.0625,0.203125,0.0625,0.0625,0.390625,0.0625,0.0625,0.203125,0.0625,0.0625,0.390625,-0.0625,0.0625,0.203125,-0.0625,-0.0625,0.390625,-0.0625,-0.0625,0.203125,-0.0625,-0.06453349441289902,0.3689708113670349,0.0234375,-0.05025719106197357,0.26053154468536377,0.0234375,-0.06453349441289902,0.3689708113670349,-0.0234375,-0.05025719106197357,0.26053154468536377,-0.0234375,-0.21944674849510193,0.3485761284828186,-0.0234375,-0.20517045259475708,0.24013680219650269,-0.0234375,-0.21944674849510193,0.3485761284828186,0.0234375,-0.20517045259475708,0.24013680219650269,0.0234375,-0.21944674849510193,0.3485761284828186,-0.0234375,-0.21944674849510193,0.3485761284828186,0.0234375,-0.06453349441289902,0.3689708113670349,-0.0234375,-0.06453349441289902,0.3689708113670349,0.0234375,-0.20517045259475708,0.24013680219650269,0.0234375,-0.20517045259475708,0.24013680219650269,-0.0234375,-0.05025719106197357,0.26053154468536377,0.0234375,-0.05025719106197357,0.26053154468536377,-0.0234375,-0.21944674849510193,0.3485761284828186,0.0234375,-0.20517045259475708,0.24013680219650269,0.0234375,-0.06453349441289902,0.3689708113670349,0.0234375,-0.05025719106197357,0.26053154468536377,0.0234375,-0.06453349441289902,0.3689708113670349,-0.0234375,-0.05025719106197357,0.26053154468536377,-0.0234375,-0.21944674849510193,0.3485761284828186,-0.0234375,-0.20517045259475708,0.24013680219650269,-0.0234375,0.0625,-0.296875,0.0625,0.0625,-0.421875,0.0625,0.0625,-0.296875,-0.0625,0.0625,-0.421875,-0.0625,-0.0625,-0.296875,-0.0625,-0.0625,-0.421875,-0.0625,-0.0625,-0.296875,0.0625,-0.0625,-0.421875,0.0625,-0.0625,-0.296875,-0.0625,-0.0625,-0.296875,0.0625,0.0625,-0.296875,-0.0625,0.0625,-0.296875,0.0625,-0.0625,-0.421875,0.0625,-0.0625,-0.421875,-0.0625,0.0625,-0.421875,0.0625,0.0625,-0.421875,-0.0625,-0.0625,-0.296875,0.0625,-0.0625,-0.421875,0.0625,0.0625,-0.296875,0.0625,0.0625,-0.421875,0.0625,0.0625,-0.296875,-0.0625,0.0625,-0.421875,-0.0625,-0.0625,-0.296875,-0.0625,-0.0625,-0.421875,-0.0625,-0.18809527158737183,0.32591187953948975,0,-0.18809527158737183,0.32591187953948975,0,-0.17381896078586578,0.2174726128578186,0,-0.32751718163490295,0.3075566291809082,0,-0.32751718163490295,0.3075566291809082,0,-0.3132408857345581,0.19911736249923706,0,-0.18809527158737183,0.32591187953948975,0,-0.32751718163490295,0.3075566291809082,0,-0.18809527158737183,0.32591187953948975,0,-0.17381896078586578,0.2174726128578186,0,-0.3132408857345581,0.19911736249923706,0,-0.17381896078586578,0.2174726128578186,0,-0.3132408857345581,0.19911736249923706,0,-0.32751718163490295,0.3075566291809082,0,-0.18809527158737183,0.32591187953948975,0,-0.17381896078586578,0.2174726128578186,0,0.18809527158737183,0.32591187953948975,0,0.18809527158737183,0.32591187953948975,0,0.17381896078586578,0.2174726128578186,0,0.32751718163490295,0.3075566291809082,0,0.32751718163490295,0.3075566291809082,0,0.3132408857345581,0.19911736249923706,0,0.32751718163490295,0.3075566291809082,0,0.18809527158737183,0.32591187953948975,0,0.32751718163490295,0.3075566291809082,0,0.3132408857345581,0.19911736249923706,0,0.17381896078586578,0.2174726128578186,0,0.3132408857345581,0.19911736249923706,0,0.18809527158737183,0.32591187953948975,0,0.32751718163490295,0.3075566291809082,0,0.3132408857345581,0.19911736249923706,0,0.17381896078586578,0.2174726128578186,0,0.21944674849510193,0.3485761284828186,0.0234375,0.20517045259475708,0.24013680219650269,0.0234375,0.21944674849510193,0.3485761284828186,-0.0234375,0.20517045259475708,0.24013680219650269,-0.0234375,0.06453349441289902,0.3689708113670349,-0.0234375,0.05025719106197357,0.26053154468536377,-0.0234375,0.06453349441289902,0.3689708113670349,0.0234375,0.05025719106197357,0.26053154468536377,0.0234375,0.06453349441289902,0.3689708113670349,-0.0234375,0.06453349441289902,0.3689708113670349,0.0234375,0.21944674849510193,0.3485761284828186,-0.0234375,0.21944674849510193,0.3485761284828186,0.0234375,0.05025719106197357,0.26053154468536377,0.0234375,0.05025719106197357,0.26053154468536377,-0.0234375,0.20517045259475708,0.24013680219650269,0.0234375,0.20517045259475708,0.24013680219650269,-0.0234375,0.06453349441289902,0.3689708113670349,0.0234375,0.05025719106197357,0.26053154468536377,0.0234375,0.21944674849510193,0.3485761284828186,0.0234375,0.20517045259475708,0.24013680219650269,0.0234375,0.21944674849510193,0.3485761284828186,-0.0234375,0.20517045259475708,0.24013680219650269,-0.0234375,0.06453349441289902,0.3689708113670349,-0.0234375,0.05025719106197357,0.26053154468536377,-0.0234375],"indices":[0,1,2,1,3,2,4,5,6,5,7,6,8,9,10,9,11,10,12,13,14,13,15,14,16,17,18,17,19,18,20,21,22,21,23,22,24,25,26,25,27,26,28,29,30,29,31,30,32,33,34,33,35,34,36,37,38,37,39,38,40,41,42,41,43,42,44,45,46,45,47,46,48,49,50,49,51,50,52,53,54,53,55,54,56,57,58,57,59,58,60,61,62,61,63,62,64,65,66,65,67,66,68,69,70,69,71,70,72,73,74,73,75,74,76,77,78,77,79,78,80,81,82,81,83,82,84,85,86,85,87,86,88,89,90,89,91,90,92,93,94,93,95,94,96,97,98,96,98,98,99,100,101,99,101,101,102,103,104,102,104,103,105,106,107,105,107,106,108,109,110,108,110,111,112,113,114,112,114,114,115,116,117,115,117,117,118,119,119,118,119,120,121,122,122,121,122,123,124,125,126,124,126,127,128,129,130,129,131,130,132,133,134,133,135,134,136,137,138,137,139,138,140,141,142,141,143,142,144,145,146,145,147,146,148,149,150,149,151,150]},"optimizedModelData":{"":{"meshCount":1},"-named-nodes":{"meshCount":7},"-no-animations":{"meshCount":1}}}