{"schemaVersion":4,"source":{"uri":"models/Eggs/BoardwalkEgg.gltf","sha256":"4216d79c7dcc89ad1ff37b9398aad840b05a7848847ba57be0758819986f4e35"},"animationNames":[],"boundingBox":{"min":{"x":-0.375,"y":0,"z":-0.375},"max":{"x":0.375,"y":1.90625,"z":0.375}},"nodeNames":["cube","cube","cube","cube","cube","cube","group2","cube","cube","cube","group"],"trimesh":{"vertices":[0.109375,0.421875,0.015625,0.109375,-0.140625,0.015625,0.109375,0.421875,-0.015625,0.109375,-0.140625,-0.015625,-0.109375,0.421875,-0.015625,-0.109375,-0.140625,-0.015625,-0.109375,0.421875,0.015625,-0.109375,-0.140625,0.015625,-0.109375,0.421875,-0.015625,-0.109375,0.421875,0.015625,0.109375,0.421875,-0.015625,0.109375,0.421875,0.015625,-0.109375,-0.140625,0.015625,-0.109375,-0.140625,-0.015625,0.109375,-0.140625,0.015625,0.109375,-0.140625,-0.015625,-0.109375,0.421875,0.015625,-0.109375,-0.140625,0.015625,0.109375,0.421875,0.015625,0.109375,-0.140625,0.015625,0.109375,0.421875,-0.015625,0.109375,-0.140625,-0.015625,-0.109375,0.421875,-0.015625,-0.109375,-0.140625,-0.015625,0.234375,0.515625,0.0625,0.234375,0.421875,0.0625,0.234375,0.515625,-0.0625,0.234375,0.421875,-0.0625,-0.234375,0.515625,-0.0625,-0.234375,0.421875,-0.0625,-0.234375,0.515625,0.0625,-0.234375,0.421875,0.0625,-0.234375,0.515625,-0.0625,-0.234375,0.515625,0.0625,0.234375,0.515625,-0.0625,0.234375,0.515625,0.0625,-0.234375,0.421875,0.0625,-0.234375,0.421875,-0.0625,0.234375,0.421875,0.0625,0.234375,0.421875,-0.0625,-0.234375,0.515625,0.0625,-0.234375,0.421875,0.0625,0.234375,0.515625,0.0625,0.234375,0.421875,0.0625,0.234375,0.515625,-0.0625,0.234375,0.421875,-0.0625,-0.234375,0.515625,-0.0625,-0.234375,0.421875,-0.0625,-0.234375,0.5625,0.078125,-0.234375,0.375,0.078125,-0.234375,0.5625,-0.078125,-0.234375,0.375,-0.078125,-0.296875,0.5625,-0.078125,-0.296875,0.375,-0.078125,-0.296875,0.5625,0.078125,-0.296875,0.375,0.078125,-0.296875,0.5625,-0.078125,-0.296875,0.5625,0.078125,-0.234375,0.5625,-0.078125,-0.234375,0.5625,0.078125,-0.296875,0.375,0.078125,-0.296875,0.375,-0.078125,-0.234375,0.375,0.078125,-0.234375,0.375,-0.078125,-0.296875,0.5625,0.078125,-0.296875,0.375,0.078125,-0.234375,0.5625,0.078125,-0.234375,0.375,0.078125,-0.234375,0.5625,-0.078125,-0.234375,0.375,-0.078125,-0.296875,0.5625,-0.078125,-0.296875,0.375,-0.078125,0.046875,0.890625,0.046875,0.046875,0.515625,0.046875,0.046875,0.890625,-0.046875,0.046875,0.515625,-0.046875,-0.046875,0.890625,-0.046875,-0.046875,0.515625,-0.046875,-0.046875,0.890625,0.046875,-0.046875,0.515625,0.046875,-0.046875,0.890625,-0.046875,-0.046875,0.890625,0.046875,0.046875,0.890625,-0.046875,0.046875,0.890625,0.046875,-0.046875,0.515625,0.046875,-0.046875,0.515625,-0.046875,0.046875,0.515625,0.046875,0.046875,0.515625,-0.046875,-0.046875,0.890625,0.046875,-0.046875,0.515625,0.046875,0.046875,0.890625,0.046875,0.046875,0.515625,0.046875,0.046875,0.890625,-0.046875,0.046875,0.515625,-0.046875,-0.046875,0.890625,-0.046875,-0.046875,0.515625,-0.046875,0.078125,0.953125,0.078125,0.078125,0.890625,0.078125,0.078125,0.953125,-0.078125,0.078125,0.890625,-0.078125,-0.078125,0.953125,-0.078125,-0.078125,0.890625,-0.078125,-0.078125,0.953125,0.078125,-0.078125,0.890625,0.078125,-0.078125,0.953125,-0.078125,-0.078125,0.953125,0.078125,0.078125,0.953125,-0.078125,0.078125,0.953125,0.078125,-0.078125,0.890625,0.078125,-0.078125,0.890625,-0.078125,0.078125,0.890625,0.078125,0.078125,0.890625,-0.078125,-0.078125,0.953125,0.078125,-0.078125,0.890625,0.078125,0.078125,0.953125,0.078125,0.078125,0.890625,0.078125,0.078125,0.953125,-0.078125,0.078125,0.890625,-0.078125,-0.078125,0.953125,-0.078125,-0.078125,0.890625,-0.078125,0.296875,0.5625,0.078125,0.296875,0.375,0.078125,0.296875,0.5625,-0.078125,0.296875,0.375,-0.078125,0.234375,0.5625,-0.078125,0.234375,0.375,-0.078125,0.234375,0.5625,0.078125,0.234375,0.375,0.078125,0.234375,0.5625,-0.078125,0.234375,0.5625,0.078125,0.296875,0.5625,-0.078125,0.296875,0.5625,0.078125,0.234375,0.375,0.078125,0.234375,0.375,-0.078125,0.296875,0.375,0.078125,0.296875,0.375,-0.078125,0.234375,0.5625,0.078125,0.234375,0.375,0.078125,0.296875,0.5625,0.078125,0.296875,0.375,0.078125,0.296875,0.5625,-0.078125,0.296875,0.375,-0.078125,0.234375,0.5625,-0.078125,0.234375,0.375,-0.078125,0.28125,-0.078125,-0.28125,0.3125,-0.078125,0,0.3125,-0.328125,0,0.3125,-0.328125,-0.3125,-0.3125,-0.328125,-0.3125,-0.3125,-0.328125,0,-0.3125,-0.078125,0,-0.28125,-0.078125,-0.28125,-0.28125,-0.078125,-0.28125,-0.3125,-0.078125,0,0,-0.078125,0,0,-0.078125,-0.3125,0,-0.328125,-0.3125,0,-0.328125,0,-0.3125,-0.328125,0,-0.3125,-0.328125,-0.3125,-0.3125,-0.328125,0.3125,0,-0.328125,0.3125,0,-0.078125,0.3125,-0.28125,-0.078125,0.28125,-0.28125,-0.078125,-0.28125,0,-0.078125,-0.3125,0,-0.328125,-0.3125,-0.3125,-0.328125,-0.3125,0.3125,-0.078125,0,0.28125,-0.078125,-0.28125,0.28125,-0.078125,0.28125,0,-0.078125,0.3125,0,-0.328125,0.3125,0.3125,-0.328125,0.3125,0.3125,-0.328125,-0.3125,0.3125,-0.328125,0,0.3125,-0.328125,-0.3125,0,-0.328125,-0.3125,0,-0.078125,-0.3125,0.28125,-0.078125,-0.28125,-0.28125,-0.078125,0.28125,-0.3125,-0.078125,0,-0.3125,-0.328125,0,-0.3125,-0.328125,0.3125,-0.3125,-0.328125,0.3125,0,-0.328125,0.3125,0.3125,-0.328125,0.3125,0.3125,-0.328125,0.3125,0.3125,-0.328125,0,0.3125,-0.078125,0,0.28125,-0.078125,0.28125,0.28125,-0.078125,0.28125,0,-0.078125,0.3125,-0.28125,-0.078125,0.28125,0.359375,-0.828125,-0.359375,0.375,-0.578125,-0.375,0.375,-0.578125,0.375,0.359375,-0.828125,0.359375,-0.359375,-0.828125,0.359375,-0.375,-0.578125,0.375,-0.375,-0.578125,-0.375,-0.359375,-0.828125,-0.359375,0.34375,-0.328125,0.34375,0.34375,-0.328125,-0.34375,-0.34375,-0.328125,-0.34375,-0.34375,-0.328125,0.34375,0.359375,-0.828125,-0.359375,0.359375,-0.828125,0.359375,-0.359375,-0.828125,0.359375,-0.359375,-0.828125,-0.359375,0.359375,-0.828125,0.359375,0.375,-0.578125,0.375,-0.375,-0.578125,0.375,-0.359375,-0.828125,0.359375,-0.359375,-0.828125,-0.359375,-0.375,-0.578125,-0.375,0.375,-0.578125,-0.375,0.359375,-0.828125,-0.359375,-0.34375,-0.328125,-0.34375,-0.375,-0.578125,-0.375,-0.375,-0.578125,0.375,-0.34375,-0.328125,0.34375,-0.34375,-0.328125,0.34375,-0.375,-0.578125,0.375,0.375,-0.578125,0.375,0.34375,-0.328125,0.34375,0.34375,-0.328125,0.34375,0.375,-0.578125,0.375,0.375,-0.578125,-0.375,0.34375,-0.328125,-0.34375,0.34375,-0.328125,-0.34375,0.375,-0.578125,-0.375,-0.375,-0.578125,-0.375,-0.34375,-0.328125,-0.34375,0.3125,-0.953125,-0.3125,0.34375,-0.828125,-0.34375,0.34375,-0.828125,0.34375,0.3125,-0.953125,0.3125,-0.3125,-0.953125,0.3125,-0.34375,-0.828125,0.34375,-0.34375,-0.828125,-0.34375,-0.3125,-0.953125,-0.3125,0.34375,-0.828125,0.34375,0.34375,-0.828125,-0.34375,-0.34375,-0.828125,-0.34375,-0.34375,-0.828125,0.34375,0.3125,-0.953125,-0.3125,0.3125,-0.953125,0.3125,-0.3125,-0.953125,0.3125,-0.3125,-0.953125,-0.3125,0.3125,-0.953125,0.3125,0.34375,-0.828125,0.34375,-0.34375,-0.828125,0.34375,-0.3125,-0.953125,0.3125,-0.3125,-0.953125,-0.3125,-0.34375,-0.828125,-0.34375,0.34375,-0.828125,-0.34375,0.3125,-0.953125,-0.3125],