{"schemaVersion":4,"source":{"uri":"models/Pets/Chicken/chicken.gltf","sha256":"083f5bf574a1404e8d14ee689f6f88e7095b3d608e684fd0c185aea9b8bfa18f"},"animationNames":["idle","walk","eating","admiring"],"boundingBox":{"min":{"x":-0.4375,"y":0.0031249999999999334,"z":-0.625},"max":{"x":0.4375,"y":1.4375,"z":0.78125}},"nodeNames":["cube","cube","tail","tail_ext","cube","wing_right","wing_right_ext","cube","wing_left","wing_left_ext","wings","cube","cube","cube","head","head_ext","body","cube","cube","foot_left","foot_left_ext","leg_left","cube","cube","foot_right","foot_right_ext","leg_right","legs","body_main","body_orbit","root",""],"trimesh":{"vertices":[0.3125,0.28125,0.375,0.3125,-0.28125,0.375,0.3125,0.28125,-0.375,0.3125,-0.28125,-0.375,-0.3125,0.28125,-0.375,-0.3125,-0.28125,-0.375,-0.3125,0.28125,0.375,-0.3125,-0.28125,0.375,-0.3125,0.28125,-0.375,-0.3125,0.28125,0.375,0.3125,0.28125,-0.375,0.3125,0.28125,0.375,-0.3125,-0.28125,0.375,-0.3125,-0.28125,-0.375,0.3125,-0.28125,0.375,0.3125,-0.28125,-0.375,-0.3125,0.28125,0.375,-0.3125,-0.28125,0.375,0.3125,0.28125,0.375,0.3125,-0.28125,0.375,0.3125,0.28125,-0.375,0.3125,-0.28125,-0.375,-0.3125,0.28125,-0.375,-0.3125,-0.28125,-0.375,0.0000625000029685907,0.37187498807907104,0.234375,0.0000625000029685907,-0.37812501192092896,0.234375,0.0000625000029685907,0.37187498807907104,-0.234375,0.0000625000029685907,-0.37812501192092896,-0.234375,0,0.37187498807907104,-0.234375,0,-0.37812501192092896,-0.234375,0,0.37187498807907104,0.234375,0,-0.37812501192092896,0.234375,0,0.37187498807907104,-0.234375,0,0.37187498807907104,0.234375,0.0000625000029685907,0.37187498807907104,-0.234375,0.0000625000029685907,0.37187498807907104,0.234375,0,-0.37812501192092896,0.234375,0,-0.37812501192092896,-0.234375,0.0000625000029685907,-0.37812501192092896,0.234375,0.0000625000029685907,-0.37812501192092896,-0.234375,0,0.37187498807907104,0.234375,0,-0.37812501192092896,0.234375,0.0000625000029685907,0.37187498807907104,0.234375,0.0000625000029685907,-0.37812501192092896,0.234375,0.0000625000029685907,0.37187498807907104,-0.234375,0.0000625000029685907,-0.37812501192092896,-0.234375,0,0.37187498807907104,-0.234375,0,-0.37812501192092896,-0.234375,0.0625,0.1875,0.25,0.0625,-0.1875,0.25,0.0625,0.1875,-0.25,0.0625,-0.1875,-0.25,-0.0625,0.1875,-0.25,-0.0625,-0.1875,-0.25,-0.0625,0.1875,0.25,-0.0625,-0.1875,0.25,-0.0625,0.1875,-0.25,-0.0625,0.1875,0.25,0.0625,0.1875,-0.25,0.0625,0.1875,0.25,-0.0625,-0.1875,0.25,-0.0625,-0.1875,-0.25,0.0625,-0.1875,0.25,0.0625,-0.1875,-0.25,-0.0625,0.1875,0.25,-0.0625,-0.1875,0.25,0.0625,0.1875,0.25,0.0625,-0.1875,0.25,0.0625,0.1875,-0.25,0.0625,-0.1875,-0.25,-0.0625,0.1875,-0.25,-0.0625,-0.1875,-0.25,0.0625,0.18437500298023224,0.25,0.0625,-0.19062499701976776,0.25,0.0625,0.18437500298023224,-0.25,0.0625,-0.19062499701976776,-0.25,-0.0625,0.18437500298023224,-0.25,-0.0625,-0.19062499701976776,-0.25,-0.0625,0.18437500298023224,0.25,-0.0625,-0.19062499701976776,0.25,-0.0625,0.18437500298023224,-0.25,-0.0625,0.18437500298023224,0.25,0.0625,0.18437500298023224,-0.25,0.0625,0.18437500298023224,0.25,-0.0625,-0.19062499701976776,0.25,-0.0625,-0.19062499701976776,-0.25,0.0625,-0.19062499701976776,0.25,0.0625,-0.19062499701976776,-0.25,-0.0625,0.18437500298023224,0.25,-0.0625,-0.19062499701976776,0.25,0.0625,0.18437500298023224,0.25,0.0625,-0.19062499701976776,0.25,0.0625,0.18437500298023224,-0.25,0.0625,-0.19062499701976776,-0.25,-0.0625,0.18437500298023224,-0.25,-0.0625,-0.19062499701976776,-0.25,0.125,0.02812499925494194,0.09375,0.125,-0.09687499701976776,0.09375,0.125,0.02812499925494194,-0.03125,0.125,-0.09687499701976776,-0.03125,-0.125,0.02812499925494194,-0.03125,-0.125,-0.09687499701976776,-0.03125,-0.125,0.02812499925494194,0.09375,-0.125,-0.09687499701976776,0.09375,-0.125,0.02812499925494194,-0.03125,-0.125,0.02812499925494194,0.09375,0.125,0.02812499925494194,-0.03125,0.125,0.02812499925494194,0.09375,-0.125,-0.09687499701976776,0.09375,-0.125,-0.09687499701976776,-0.03125,0.125,-0.09687499701976776,0.09375,0.125,-0.09687499701976776,-0.03125,-0.125,0.02812499925494194,0.09375,-0.125,-0.09687499701976776,0.09375,0.125,0.02812499925494194,0.09375,0.125,-0.09687499701976776,0.09375,0.125,0.02812499925494194,-0.03125,0.125,-0.09687499701976776,-0.03125,-0.125,0.02812499925494194,-0.03125,-0.125,-0.09687499701976776,-0.03125,0.25,0.2781250476837158,0.59375,0.25,-0.22187501192092896,0.59375,0.25,0.2781250476837158,0.09375,0.25,-0.22187501192092896,0.09375,-0.25,0.2781250476837158,0.09375,-0.25,-0.22187501192092896,0.09375,-0.25,0.2781250476837158,0.59375,-0.25,-0.22187501192092896,0.59375,-0.25,0.2781250476837158,0.09375,-0.25,0.2781250476837158,0.59375,0.25,0.2781250476837158,0.09375,0.25,0.2781250476837158,0.59375,-0.25,-0.22187501192092896,0.59375,-0.25,-0.22187501192092896,0.09375,0.25,-0.22187501192092896,0.59375,0.25,-0.22187501192092896,0.09375,-0.25,0.2781250476837158,0.59375,-0.25,-0.22187501192092896,0.59375,0.25,0.2781250476837158,0.59375,0.25,-0.22187501192092896,0.59375,0.25,0.2781250476837158,0.09375,0.25,-0.22187501192092896,0.09375,-0.25,0.2781250476837158,0.09375,-0.25,-0.22187501192092896,0.09375,0.0000625000029685907,0.528124988079071,0.46875,0.0000625000029685907,0.21562500298023224,0.46875,0.0000625000029685907,0.528124988079071,-0.03125,0.0000625000029685907,0.21562500298023224,-0.03125,0,0.528124988079071,-0.03125,0,0.21562500298023224,-0.03125,0,0.528124988079071,0.46875,0,0.21562500298023224,0.46875,0,0.528124988079071,-0.03125,0,0.528124988079071,0.46875,0.0000625000029685907,0.528124988079071,-0.03125,0.0000625000029685907,0.528124988079071,0.46875,0,0.21562500298023224,0.46875,0,0.21562500298023224,-0.03125,0.0000625000029685907,0.21562500298023224,0.46875,0.0000625000029685907,0.21562500298023224,-0.03125,0,0.528124988079071,0.46875,0,0.21562500298023224,0.46875,0.0000625000029685907,0.528124988079071,0.46875,0.0000625000029685907,0.21562500298023224,0.46875,0.0000625000029685907,0.528124988079071,-0.03125,0.0000625000029685907,0.21562500298023224,-0.03125,0,0.528124988079071,-0.03125,0,0.21562500298023224,-0.03125,-0.28125,0.90625,0.375062495470047,-0.28125,0.65625,0.375062495470047,-0.28125,0.90625,0.375,-0.28125,0.65625,0.375,-0.34375,0.90625,0.375,-0.34375,0.65625,0.375,-0.34375,0.90625,0.375062495470047,-0.34375,0.65625,0.375062495470047,-0.34375,0.90625,0.375,-0.34375,0.90625,0.375062495470047,-0.28125,0.90625,0.375,-0.28125,0.90625,0.375062495470047,-0.34375,0.65625,0.375062495470047,-0.34375,0.65625,0.375,-0.28125,0.65625,0.375062495470047,-0.28125,0.65625,0.375,-0.34375,0.90625,0.375062495470047,-0.34375,0.65625,0.375062495470047,-0.28125,0.90625,0.375062495470047,-0.28125,0.65625,0.375062495470047,-0.28125,0.90625,0.375,-0.28125,0.65625,0.375,-0.34375,0.90625,0.375,-0.34375,0.65625,0.375,-0.1875,0.6563125252723694,0.5,-0.1875,0.65625,0.5,-0.1875,0.6563125252723694,0.1875,-0.1875,0.65625,0.1875,-0.5,0.6563125252723694,0.1875,-0.5,0.65625,0.1875,-0.5,0.6563125252723694,0.5,-0.5,0.65625,0.5,-0.5,0.6563125252723694,0.1875,-0.5,0.6563125252723694,0.5,-0.1875,0.6563125252723694,0.1875,-0.1875,0.6563125252723694,0.5,-0.5,0.65625,0.5,-0.5,0.65625,0.1875,-0.1875,0.65625,0.5,-0.1875,0.65625,0.1875,-0.5,0.6563125252723694,0.5,-0.5,0.65625,0.5,-0.1875,0.6563125252723694,0.5,-0.1875,0.65625,0.5,-0.1875,0.6563125252723694,0.1875,-0.1875,0.65625,0.1875,-0.5,0.6563125252723694,0.1875,-0.5,0.65625,0.1875,0.34375,0.90625,0.375062495470047,0.34375,0.65625,0.375062495470047,0.34375,0.90625,0.375,0.34375,0.65625,0.375,0.28125,0.90625,0.375,0.28125,0.65625,0.375,0.28125,0.90625,0.375062495470047,0.28125,0.65625,0.375062495470047,0.28125,0.90625,0.375,0.28125,0.90625,0.375062495470047,0.34375,0.90625,0.375,0.34375,0.90625,0.375062495470047,0.28125,0.65625,0.375062495470047,0.28125,0.65625,0.375,0.34375,0.65625,0.375062495470047,0.34375,0.65625,0.375,0.28125,0.90625,0.375062495470047,0.28125,0.65625,0.375062495470047,0.34375,0.90625,0.375062495470047,0.34375,0.65625,