{"schemaVersion":4,"source":{"uri":"models/15 Minute Reward Pets/Flamingo/flamingo.gltf","sha256":"6afaf6bc3437e35de0540c26fd6574092c35990e684597be8b3b107ad21cdccf"},"animationNames":["idle","idle2","walk","run"],"boundingBox":{"min":{"x":-0.3125,"y":0.014062499976716913,"z":-0.875},"max":{"x":0.3125,"y":1.6390625,"z":0.5}},"nodeNames":["cube","cube","cube","cube","cube","head","neck","cube","cube","leftArm","cube","cube","rightArm","body","cube","cube","leftFoot","leftLeg","cube","cube","rightFoot","rightLeg","root",""],"trimesh":{"vertices":[0.25,0.375,0.5,0.25,-0.125,0.5,0.25,0.375,-0.3125,0.25,-0.125,-0.3125,-0.25,0.375,-0.3125,-0.25,-0.125,-0.3125,-0.25,0.375,0.5,-0.25,-0.125,0.5,-0.25,0.375,-0.3125,-0.25,0.375,0.5,0.25,0.375,-0.3125,0.25,0.375,0.5,-0.25,-0.125,0.5,-0.25,-0.125,-0.3125,0.25,-0.125,0.5,0.25,-0.125,-0.3125,-0.25,0.375,0.5,-0.25,-0.125,0.5,0.25,0.375,0.5,0.25,-0.125,0.5,0.25,0.375,-0.3125,0.25,-0.125,-0.3125,-0.25,0.375,-0.3125,-0.25,-0.125,-0.3125,0.09375,0.5,-0.125,0.09375,-0.125,-0.125,0.09375,0.5,-0.3125,0.09375,-0.125,-0.3125,-0.09375,0.5,-0.3125,-0.09375,-0.125,-0.3125,-0.09375,0.5,-0.125,-0.09375,-0.125,-0.125,-0.09375,0.5,-0.3125,-0.09375,0.5,-0.125,0.09375,0.5,-0.3125,0.09375,0.5,-0.125,-0.09375,-0.125,-0.125,-0.09375,-0.125,-0.3125,0.09375,-0.125,-0.125,0.09375,-0.125,-0.3125,-0.09375,0.5,-0.125,-0.09375,-0.125,-0.125,0.09375,0.5,-0.125,0.09375,-0.125,-0.125,0.09375,0.5,-0.3125,0.09375,-0.125,-0.3125,-0.09375,0.5,-0.3125,-0.09375,-0.125,-0.3125,0.15625,0.1875,-0.125,0.15625,-0.125,-0.125,0.15625,0.1875,-0.5,0.15625,-0.125,-0.5,-0.15625,0.1875,-0.5,-0.15625,-0.125,-0.5,-0.15625,0.1875,-0.125,-0.15625,-0.125,-0.125,-0.15625,0.1875,-0.5,-0.15625,0.1875,-0.125,0.15625,0.1875,-0.5,0.15625,0.1875,-0.125,-0.15625,-0.125,-0.125,-0.15625,-0.125,-0.5,0.15625,-0.125,-0.125,0.15625,-0.125,-0.5,-0.15625,0.1875,-0.125,-0.15625,-0.125,-0.125,0.15625,0.1875,-0.125,0.15625,-0.125,-0.125,0.15625,0.1875,-0.5,0.15625,-0.125,-0.5,-0.15625,0.1875,-0.5,-0.15625,-0.125,-0.5,0.09375,0.0625,-0.5,0.09375,-0.125,-0.5,0.09375,0.0625,-0.75,0.09375,-0.125,-0.75,-0.09375,0.0625,-0.75,-0.09375,-0.125,-0.75,-0.09375,0.0625,-0.5,-0.09375,-0.125,-0.5,-0.09375,0.0625,-0.75,-0.09375,0.0625,-0.5,0.09375,0.0625,-0.75,0.09375,0.0625,-0.5,-0.09375,-0.125,-0.5,-0.09375,-0.125,-0.75,0.09375,-0.125,-0.5,0.09375,-0.125,-0.75,-0.09375,0.0625,-0.5,-0.09375,-0.125,-0.5,0.09375,0.0625,-0.5,0.09375,-0.125,-0.5,0.09375,0.0625,-0.75,0.09375,-0.125,-0.75,-0.09375,0.0625,-0.75,-0.09375,-0.125,-0.75,0.09375,-0.125,-0.6875,0.09375,-0.1875,-0.6875,0.09375,-0.125,-0.75,0.09375,-0.1875,-0.75,-0.09375,-0.125,-0.75,-0.09375,-0.1875,-0.75,-0.09375,-0.125,-0.6875,-0.09375,-0.1875,-0.6875,-0.09375,-0.125,-0.75,-0.09375,-0.125,-0.6875,0.09375,-0.125,-0.75,0.09375,-0.125,-0.6875,-0.09375,-0.1875,-0.6875,-0.09375,-0.1875,-0.75,0.09375,-0.1875,-0.6875,0.09375,-0.1875,-0.75,-0.09375,-0.125,-0.6875,-0.09375,-0.1875,-0.6875,0.09375,-0.125,-0.6875,0.09375,-0.1875,-0.6875,0.09375,-0.125,-0.75,0.09375,-0.1875,-0.75,-0.09375,-0.125,-0.75,-0.09375,-0.1875,-0.75,0.21875,-0.0625,-0.0625,0.21875,0.375,-0.0625,0.21875,0.375,-0.125,0.21875,-0.0625,-0.125,0.21875,0.375,-0.125,0.21875,0.375,-0.125,0.21875,0.375,-0.0625,0.21875,0.375,-0.0625,0.21875,-0.0625,-0.0625,0.21875,-0.0625,-0.0625,0.21875,-0.0625,-0.125,0.21875,-0.0625,-0.125,0.21875,0.375,-0.0625,0.21875,0.375,-0.0625,0.21875,-0.0625,-0.0625,0.21875,-0.0625,-0.0625,0.21875,0.375,-0.125,0.21875,0.375,-0.125,0.21875,-0.0625,-0.125,0.21875,-0.0625,-0.125,0.28125,0.375,-0.125,0.28125,-0.0625,-0.125,0.28125,0.375,-0.625,0.28125,-0.0625,-0.625,0.21875,0.375,-0.625,0.21875,-0.0625,-0.625,0.21875,0.375,-0.125,0.21875,-0.0625,-0.125,0.21875,0.375,-0.625,0.21875,0.375,-0.125,0.28125,0.375,-0.625,0.28125,0.375,-0.125,0.21875,-0.0625,-0.125,0.21875,-0.0625,-0.625,0.28125,-0.0625,-0.125,0.28125,-0.0625,-0.625,0.21875,0.375,-0.125,0.21875,-0.0625,-0.125,0.28125,0.375,-0.125,0.28125,-0.0625,-0.125,0.28125,0.375,-0.625,0.28125,-0.0625,-0.625,0.21875,0.375,-0.625,0.21875,-0.0625,-0.625,-0.21875,0.375,-0.125,-0.21875,0.375,-0.0625,-0.21875,-0.0625,-0.0625,-0.21875,-0.0625,-0.125,-0.21875,0.375,-0.125,-0.21875,0.375,-0.125,-0.21875,0.375,-0.0625,-0.21875,0.375,-0.0625,-0.21875,-0.0625,-0.0625,-0.21875,-0.0625,-0.0625,-0.21875,-0.0625,-0.125,-0.21875,-0.0625,-0.125,-0.21875,0.375,-0.0625,-0.21875,0.375,-0.0625,-0.21875,-0.0625,-0.0625,-0.21875,-0.0625,-0.0625,-0.21875,0.375,-0.125,-0.21875,0.375,-0.125,-0.21875,-0.0625,-0.125,-0.21875,-0.0625,-0.125,-0.21875,0.375,-0.125,-0.21875,-0.0625,-0.125,-0.21875,0.375,-0.625,-0.21875,-0.0625,-0.625,-0.28125,0.375,-0.625,-0.28125,-0.0625,-0.625,-0.28125,0.375,-0.125,-0.28125,-0.0625,-0.125,-0.28125,0.375,-0.625,-0.28125,0.375,-0.125,-0.21875,0.375,-0.625,-0.21875,0.375,-0.125,-0.28125,-0.0625,-0.125,-0.28125,-0.0625,-0.625,-0.21875,-0.0625,-0.125,-0.21875,-0.0625,-0.625,-0.28125,0.375,-0.125,-0.28125,-0.0625,-0.125,-0.21875,0.375,-0.125,-0.21875,-0.0625,-0.125,-0.21875,0.375,-0.625,-0.21875,-0.0625,-0.625,-0.28125,0.375,-0.625,-0.28125,-0.0625,-0.625,-0.1875,0.4359374940395355,0.125062495470047,-0.1875,-0.0015625000232830644,0.125062495470047,-0.1875,0.4359374940395355,0.125,-0.1875,-0.0015625000232830644,0.125,-0.375,0.4359374940395355,0.125,-0.375,-0.0015625000232830644,0.125,-0.375,0.4359374940395355,0.125062495470047,-0.375,-0.0015625000232830644,0.125062495470047,-0.375,0.4359374940395355,0.125,-0.375,0.4359374940395355,0.125062495470047,-0.1875,0.4359374940395355,0.125,-0.1875,0.4359374940395355,0.125062495470047,-0.375,-0.0015625000232830644,0.125062495470047,-0.375,-0.0015625000232830644,0.125,-0.1875,-0.0015625000232830644,0.125062495470047,-0.1875,-0.0015625000232830644,0.125,-0.375,0.4359374940395355,0.125062495470047,-0.375,-0.0015625000232830644,0.125062495470047,-0.1875,0.4359374940395355,0.125062495470047,-0.1875,-0.0015625000232830644,0.125062495470047,-0.1875,0.4359374940395355,0.125,-0.1875,-0.0015625000232830644,0.125,-0.375,0.4359374940395355,0.125,-0.375,-0.0015625000232830644,0.125,-0.1875,-0.001500000013038516,0.125,-0.1875,-0.0015625000232830644,0.125,-0.1875,-0.001500000013038516,-0.0625,-0.1875,-0.0015625000232830644,-0.0625,-0.375,-0.001500000013038516,-0.0625,-0.375,-0.0015625000232830644,-0.0625,-0.375,-0.001500000013038516,0.125,-0.375,-0.0015625000232830644,0.125,-0.375,-0.001500000013038516,-0.0625,-0.375,-0.001500000013038516,0.125,-0.1875,-0.001500000013038516,-0.0625,-0.1875,-0.001500000013038516,0.125,-0.375,-0.0015625000232830644,0.125,-0.375,-0.0015625000232830644,-0.0625,-0.1875,-0.0015625000232830644,0.125,-0.1875,-0.0015625000232830644,-0.0625,-0.375,-0.001500000013038516,0.125,-0.375,-0.0015625000232830644,0.125,-0.1875,-0.001500000013038516,0.125,-0.1875,-0.0015625000232830644,0.125,-0.1875,-0.001500000013038516,-0.0625,-0.1875,-0.0015625000232830644,-0.0625,-0.375,-0.001500000013038516,-0.0625,-0.375,-0.0015625000232830644,-0.0625,0.375,0.4359374940395355,0.125062495470047,0.375,-0.0015625000232830644,0.125062495470047,0.375,0.4359374940395355,0.125,0.375,-0.0015625000232830644,0.125,0.1875,0.4359374940395355,0.125,0.1875,-0.0015625000232830644,0.125,0.1875,0.4359374940395355,0.125062495470047,0.1875,-0.0015625000232830644,0.125062495470047,0.1875,0.4359374940395355,0.125,0.1875,0.4359374940395355,0.125062495470047,0.375,0.4359374940395355,0.125,0.375,0.4359374940395355,0.125062495470047,0.1875,-0.0015625000232830644,0.125062495470047,0.1875,-0.0015625000232830644,0.125,0.375,-0.0015625000232830644,0.125062495470047,0.375,-0.0015625000232830644,0.125,0.1875,0.4359374940395355,0.125062495470047,0.1875,-0.0015625000232830644,0.125062495470047,0.375,0.4359374940395355,0.125062495470047,0.375,-0.0015625000232830644,0.125062495470047,0.375,0.4359374940395355,0.125,0.375,-0.0015625000232830644,0.125,0.1875,0.4359374940395355,0.125,0.1875,-0.0015625000232830644,0.125,0.375,-0.001500000013038516,0.125,0.375,-0.0015625000232830644,0.125,0.375,-0.001500000013038516,-0.0625,0.375,