{"schemaVersion":4,"source":{"uri":"models/environment/Plains/grass.gltf","sha256":"9d03d70468503e5ec649019335d33de80d7fe56426bb7da89cb7086f3b227c11"},"animationNames":["idle"],"boundingBox":{"min":{"x":-0.3535533905932738,"y":0,"z":-0.3535533905932739},"max":{"x":0.3535533905932738,"y":1,"z":0.3535533905932739}},"nodeNames":["plane","bone","plane","bone2","Grass",""],"trimesh":{"vertices":[0.5,0,0.5,0.5,0,-0.5,-0.5,0,-0.5,-0.5,0,0.5,0.5,0,0.5,0.5,0,-0.5,-0.5,0,-0.5,-0.5,0,0.5],"indices":[0,1,2,0,2,3,4,5,6,4,6,7]},"optimizedModelData":{"":{"meshCount":2},"-named-nodes":{"meshCount":2},"-no-animations":{"meshCount":1}}}