{"schemaVersion":4,"source":{"uri":"models/Eggs/SnowEgg.gltf","sha256":"d79c57dc0ec6460346d83257e27a38f340a61d26d7efe6b72e9ac2025bcd3fec"},"animationNames":[],"boundingBox":{"min":{"x":-0.7161093205233429,"y":0,"z":-0.4375},"max":{"x":0.375,"y":1.4494532309556525,"z":0.375}},"nodeNames":["cube","cube","cube","cube","cube","cube","cube","cube","group"],"trimesh":{"vertices":[0.45180466771125793,0.1502733826637268,-0.25,0.48305466771125793,0.1502733826637268,0.03125,0.48305466771125793,-0.0997266173362732,0.03125,0.48305466771125793,-0.0997266173362732,-0.28125,-0.14194533228874207,-0.0997266173362732,-0.28125,-0.14194533228874207,-0.0997266173362732,0.03125,-0.14194533228874207,0.1502733826637268,0.03125,-0.11069533973932266,0.1502733826637268,-0.25,-0.11069533973932266,0.1502733826637268,-0.25,-0.14194533228874207,0.1502733826637268,0.03125,0.17055466771125793,0.1502733826637268,0.03125,0.17055466771125793,0.1502733826637268,-0.28125,0.17055466771125793,-0.0997266173362732,-0.28125,0.17055466771125793,-0.0997266173362732,0.03125,-0.14194533228874207,-0.0997266173362732,0.03125,-0.14194533228874207,-0.0997266173362732,-0.28125,-0.14194533228874207,-0.0997266173362732,0.34375,0.17055466771125793,-0.0997266173362732,0.34375,0.17055466771125793,0.1502733826637268,0.34375,-0.11069533973932266,0.1502733826637268,0.3125,-0.11069533973932266,0.1502733826637268,-0.25,0.17055466771125793,0.1502733826637268,-0.28125,0.17055466771125793,-0.0997266173362732,-0.28125,-0.14194533228874207,-0.0997266173362732,-0.28125,0.48305466771125793,0.1502733826637268,0.03125,0.45180466771125793,0.1502733826637268,-0.25,0.45180466771125793,0.1502733826637268,0.3125,0.17055466771125793,0.1502733826637268,0.34375,0.17055466771125793,-0.0997266173362732,0.34375,0.48305466771125793,-0.0997266173362732,0.34375,0.48305466771125793,-0.0997266173362732,-0.28125,0.48305466771125793,-0.0997266173362732,0.03125,0.48305466771125793,-0.0997266173362732,-0.28125,0.17055466771125793,-0.0997266173362732,-0.28125,0.17055466771125793,0.1502733826637268,-0.28125,0.45180466771125793,0.1502733826637268,-0.25,-0.11069533973932266,0.1502733826637268,0.3125,-0.14194533228874207,0.1502733826637268,0.03125,-0.14194533228874207,-0.0997266173362732,0.03125,-0.14194533228874207,-0.0997266173362732,0.34375,-0.14194533228874207,-0.0997266173362732,0.34375,0.17055466771125793,-0.0997266173362732,0.34375,0.48305466771125793,-0.0997266173362732,0.34375,0.48305466771125793,-0.0997266173362732,0.34375,0.48305466771125793,-0.0997266173362732,0.03125,0.48305466771125793,0.1502733826637268,0.03125,0.45180466771125793,0.1502733826637268,0.3125,0.45180466771125793,0.1502733826637268,0.3125,0.17055466771125793,0.1502733826637268,0.34375,-0.11069533973932266,0.1502733826637268,0.3125,0.5299296379089355,-0.5997266173362732,-0.328125,0.5455546379089355,-0.3497266173362732,-0.34375,0.5455546379089355,-0.3497266173362732,0.40625,0.5299296379089355,-0.5997266173362732,0.390625,-0.18882033228874207,-0.5997266173362732,0.390625,-0.20444533228874207,-0.3497266173362732,0.40625,-0.20444533228874207,-0.3497266173362732,-0.34375,-0.18882033228874207,-0.5997266173362732,-0.328125,0.5143046379089355,-0.0997266173362732,0.375,0.5143046379089355,-0.0997266173362732,-0.3125,-0.17319533228874207,-0.0997266173362732,-0.3125,-0.17319533228874207,-0.0997266173362732,0.375,0.5299296379089355,-0.5997266173362732,-0.328125,0.5299296379089355,-0.5997266173362732,0.390625,-0.18882033228874207,-0.5997266173362732,0.390625,-0.18882033228874207,-0.5997266173362732,-0.328125,0.5299296379089355,-0.5997266173362732,0.390625,0.5455546379089355,-0.3497266173362732,0.40625,-0.20444533228874207,-0.3497266173362732,0.40625,-0.18882033228874207,-0.5997266173362732,0.390625,-0.18882033228874207,-0.5997266173362732,-0.328125,-0.20444533228874207,-0.3497266173362732,-0.34375,0.5455546379089355,-0.3497266173362732,-0.34375,0.5299296379089355,-0.5997266173362732,-0.328125,-0.17319533228874207,-0.0997266173362732,-0.3125,-0.20444533228874207,-0.3497266173362732,-0.34375,-0.20444533228874207,-0.3497266173362732,0.40625,-0.17319533228874207,-0.0997266173362732,0.375,-0.17319533228874207,-0.0997266173362732,0.375,-0.20444533228874207,-0.3497266173362732,0.40625,0.5455546379089355,-0.3497266173362732,0.40625,0.5143046379089355,-0.0997266173362732,0.375,0.5143046379089355,-0.0997266173362732,0.375,0.5455546379089355,-0.3497266173362732,0.40625,0.5455546379089355,-0.3497266173362732,-0.34375,0.5143046379089355,-0.0997266173362732,-0.3125,0.5143046379089355,-0.0997266173362732,-0.3125,0.5455546379089355,-0.3497266173362732,-0.34375,-0.20444533228874207,-0.3497266173362732,-0.34375,-0.17319533228874207,-0.0997266173362732,-0.3125,0.48305466771125793,-0.7247266173362732,-0.28125,0.5143046379089355,-0.5997266173362732,-0.3125,0.5143046379089355,-0.5997266173362732,0.375,0.48305466771125793,-0.7247266173362732,0.34375,-0.14194533228874207,-0.7247266173362732,0.34375,-0.17319533228874207,-0.5997266173362732,0.375,-0.17319533228874207,-0.5997266173362732,-0.3125,-0.14194533228874207,-0.7247266173362732,-0.28125,0.5143046379089355,-0.5997266173362732,0.375,0.5143046379089355,-0.5997266173362732,-0.3125,-0.17319533228874207,-0.5997266173362732,-0.3125,-0.17319533228874207,-0.5997266173362732,0.375,0.48305466771125793,-0.7247266173362732,-0.28125,0.48305466771125793,-0.7247266173362732,0.34375,-0.14194533228874207,-0.7247266173362732,0.34375,-0.14194533228874207,-0.7247266173362732,-0.28125,0.48305466771125793,-0.7247266173362732,0.34375,0.5143046379089355,-0.5997266173362732,0.375,-0.17319533228874207,-0.5997266173362732,0.375,-0.14194533228874207,-0.7247266173362732,0.34375,-0.14194533228874207,-0.7247266173362732,-0.28125,-0.17319533228874207,-0.5997266173362732,-0.3125,0.5143046379089355,-0.5997266173362732,-0.3125,0.48305466771125793,-0.7247266173362732,-0.28125,0.08386453986167908,0.43495938181877136,-0.078125,0.11058486253023148,0.5083729028701782,-0.09375,0.11058486253023148,0.5083729028701782,0.03125,0.07852047681808472,0.4202767014503479,0.03125,-0.39132583141326904,0.5912867784500122,0.03125,-0.30053067207336426,0.6580066680908203,0.03125,-0.30053067207336426,0.6580066680908203,-0.09375,-0.3859817683696747,0.6059694886207581,-0.078125,-0.21507954597473145,0.7100439071655273,-0.078125,-0.20973548293113708,0.7247266173362732,0.03125,0.14264924824237823,0.5964690446853638,0.03125,0.13730518519878387,0.5817863941192627,-0.078125,0.08386453986167908,0.43495938181877136,-0.078125,0.07852047681808472,0.4202767014503479,0.03125,-0.39132583141326904,0.5912867784500122,0.03125,-0.3859817683696747,0.6059694886207581,-0.078125,0.08386453986167908,0.43495938181877136,0.140625,0.11058486253023148,0.5083729028701782,0.15625,-0.30053067207336426,0.6580066680908203,0.15625,-0.39132583141326904,0.5912867784500122,0.15625,-0.3859817683696747,0.6059694886207581,-0.078125,-0.30053067207336426,0.6580066680908203,-0.09375,0.11058486253023148,0.5083729028701782,-0.09375,0.08386453986167908,0.43495938181877136,-0.078125,-0.39132583141326904,0.5912867784500122,0.15625,-0.30053067207336426,0.6580066680908203,0.15625,-0.39132583141326904,0.5912867784500122,0.15625,-0.39132583141326904,0.5912867784500122,0.03125,0.07852047681808472,0.4202767014503479,0.03125,0.08386453986167908,0.43495938181877136,0.140625,0.11058486253023148,0.5083729028701782,0.15625,0.08386453986167908,0.43495938181877136,0.140625,0.13730518519878387,0.5817863941192627,0.140625,0.14264924824237823,0.5964690446853638,0.03125,-0.20973548293113708,0.7247266173362732,0.03125,-0.21507954597473145,0.7100439071655273,0.140625,-0.21507954597473145,0.7100439071655273,-0.078125,-0.30053067207336426,0.6580066680908203,-0.09375,-0.30053067207336426,0.6580066680908203,0.03125,-0.20973548293113708,0.7247266173362732,0.03125,-0.20973548293113708,0.7247266173362732,0.03125,-0.21507954597473145,0.7100439071655273,0.140625,-0.21507954597473145,0.7100439071655273,0.140625,-0.30053067207336426,0.6580066680908203,0.15625,0.11058486253023148,