{"schemaVersion":4,"source":{"uri":"models/Pets/Swordfish/swordfish.gltf","sha256":"1cbef9ce2c054788f64563a1b4c0e16e87ea7d4c0c189cddd28d67bc2dc23aff"},"animationNames":["idle","walk"],"boundingBox":{"min":{"x":-0.53125,"y":-0.125,"z":-1.625},"max":{"x":0.53125,"y":1.0625,"z":1.8125}},"nodeNames":["cube","cube","cube","cube","cube","tail","cube","cube","head","cube","left_fin","cube","right_fin","cube","top_fin","body","swordfish"],"trimesh":{"vertices":[0,-0.4375,0.4375,0,-0.0625,0.4375,0,-0.0625,-0.0625,0,-0.4375,-0.0625,0,-0.0625,-0.0625,0,-0.0625,-0.0625,0,-0.0625,0.4375,0,-0.4375,0.4375,0,-0.4375,0.4375,0,-0.4375,-0.0625,0,-0.0625,0.4375,0,-0.0625,0.4375,0,-0.4375,0.4375,0,-0.4375,-0.0625,0.15625,0.25,0.4375,0.15625,-0.1875,0.4375,0.15625,0.25,-0.125,0.15625,-0.1875,-0.125,-0.15625,0.25,-0.125,-0.15625,-0.1875,-0.125,-0.15625,0.25,0.4375,-0.15625,-0.1875,0.4375,-0.15625,0.25,-0.125,-0.15625,0.25,0.4375,0.15625,0.25,-0.125,0.15625,0.25,0.4375,-0.15625,-0.1875,0.4375,-0.15625,-0.1875,-0.125,0.15625,-0.1875,0.4375,0.15625,-0.1875,-0.125,-0.15625,0.25,0.4375,-0.15625,-0.1875,0.4375,0.15625,0.25,0.4375,0.15625,-0.1875,0.4375,0.15625,0.25,-0.125,0.15625,-0.1875,-0.125,-0.15625,0.25,-0.125,-0.15625,-0.1875,-0.125,0.15625,0.3125,-0.125,0.15625,-0.1875,-0.125,0.15625,0.3125,-0.875,0.15625,-0.1875,-0.875,-0.15625,0.3125,-0.875,-0.15625,-0.1875,-0.875,-0.15625,0.3125,-0.125,-0.15625,-0.1875,-0.125,-0.15625,0.3125,-0.875,-0.15625,0.3125,-0.125,0.15625,0.3125,-0.875,0.15625,0.3125,-0.125,-0.15625,-0.1875,-0.125,-0.15625,-0.1875,-0.875,0.15625,-0.1875,-0.125,0.15625,-0.1875,-0.875,-0.15625,0.3125,-0.125,-0.15625,-0.1875,-0.125,0.15625,0.3125,-0.125,0.15625,-0.1875,-0.125,0.15625,0.3125,-0.875,0.15625,-0.1875,-0.875,-0.15625,0.3125,-0.875,-0.15625,-0.1875,-0.875,0.09375,0.25,-0.1875,0.09375,0,-0.1875,0.09375,0.25,-0.625,0.09375,0,-0.625,-0.09375,0.25,-0.625,-0.09375,0,-0.625,-0.09375,0.25,-0.1875,-0.09375,0,-0.1875,-0.09375,0.25,-0.625,-0.09375,0.25,-0.1875,0.09375,0.25,-0.625,0.09375,0.25,-0.1875,-0.09375,0,-0.1875,-0.09375,0,-0.625,0.09375,0,-0.1875,0.09375,0,-0.625,-0.09375,0.25,-0.1875,-0.09375,0,-0.1875,0.09375,0.25,-0.1875,0.09375,0,-0.1875,0.09375,0.25,-0.625,0.09375,0,-0.625,-0.09375,0.25,-0.625,-0.09375,0,-0.625,0,-0.34375,0.125,0,0.59375,0.125,0,0.59375,-0.5625,0,-0.34375,-0.5625,0,0.59375,-0.5625,0,0.59375,-0.5625,0,0.59375,0.125,0,-0.34375,0.125,0,-0.34375,0.125,0,-0.34375,-0.5625,0,0.59375,0.125,0,0.59375,0.125,0,-0.34375,0.125,0,-0.34375,-0.5625,0.125,0.15625,0,0.125,-0.21875,0,0.125,0.15625,-0.375,0.125,-0.21875,-0.375,-0.125,0.15625,-0.375,-0.125,-0.21875,-0.375,-0.125,0.15625,0,-0.125,-0.21875,0,-0.125,0.15625,-0.375,-0.125,0.15625,0,0.125,0.15625,-0.375,0.125,0.15625,0,-0.125,-0.21875,0,-0.125,-0.21875,-0.375,0.125,-0.21875,0,0.125,-0.21875,-0.375,-0.125,0.15625,0,-0.125,-0.21875,0,0.125,0.15625,0,0.125,-0.21875,0,0.125,0.15625,-0.375,0.125,-0.21875,-0.375,-0.125,0.15625,-0.375,-0.125,-0.21875,-0.375,0,-0.1875,-0.375,0,0.0625,-0.375,0,0.0625,-1.375,0,-0.1875,-1.375,0,0.0625,-1.375,0,0.0625,-1.375,0,0.0625,-0.375,0,-0.1875,-0.375,0,-0.1875,-0.375,0,-0.1875,-1.375,0,0.0625,-0.375,0,0.0625,-0.375,0,-0.1875,-0.375,0,-0.1875,-1.375,0.0625,0,-0.0625,0.0625,0,0.5625,0.0625,0,-0.0625,0.0625,0,0.5625,0.0625,0,-0.0625,-0.3125,0,-0.0625,-0.3125,0,0.5625,-0.0625,0,0.5625,-0.0625,0,-0.0625,-0.0625,0,0.5625,0.3125,0,-0.0625,-0.0625,0,-0.0625,-0.0625,0,0.5625,0.3125,0,0.5625,0,0.25,0.4375,0,0.75,0.4375,0,0.75,-0.875,0,0.25,-0.875,0,0.75,-0.875,0,0.75,-0.875,0,0.75,0.4375,0,0.25,0.4375,0,0.25,0.4375,0,0.25,-0.875,0,0.75,0.4375,0,0.75,0.4375,0,0.25,0.4375,0,0.25,-0.875],"indices":[0,1,2,0,2,3,4,5,6,4,6,6,7,8,9,7,9,9,10,11,12,10,12,12,4,5,13,4,13,13,14,15,16,15,17,16,18,19,20,19,21,20,22,23,24,23,25,24,26,27,28,27,29,28,30,31,32,31,33,32,34,35,36,35,37,36,38,39,40,39,41,40,42,43,44,43,45,44,46,47,48,47,49,48,50,51,52,51,53,52,54,55,56,55,57,56,58,59,60,59,61,60,62,63,64,63,65,64,66,67,68,67,69,68,70,71,72,71,73,72,74,75,76,75,77,76,78,79,80,79,81,80,82,83,84,83,85,84,86,87,88,86,88,89,90,91,92,90,92,92,93,94,95,93,95,95,96,97,98,96,98,98,90,91,99,90,99,99,100,101,102,101,103,102,104,105,106,105,107,106,108,109,110,109,111,110,112,113,114,113,115,114,116,117,118,117,119,118,120,121,122,121,123,122,124,125,126,124,126,127,128,129,130,128,130,130,131,132,133,131,133,133,134,135,136,134,136,136,128,129,137,128,137,137,138,139,140,138,140,139,141,142,143,141,143,144,145,146,146,145,146,147,148,149,150,148,150,151,152,153,154,152,154,155,156,157,158,156,158,158,159,160,161,159,161,161,162,163,164,162,164,164,156,157,165,156,165,165]},"optimizedModelData":{"":{"meshCount":6},"-named-nodes":{"meshCount":10},"-no-animations":{"meshCount":1}}}