{"schemaVersion":4,"source":{"uri":"models/Pets/Sturgeon/sturgeon.gltf","sha256":"56626ad363536c3b54d1a395104321d03cbaf6bc85051aaf5acdd08fab73be0d"},"animationNames":["idle","walk"],"boundingBox":{"min":{"x":-0.8369397662556435,"y":0,"z":-1.6875},"max":{"x":0.8369397662556435,"y":1.3125,"z":1.875}},"nodeNames":["cube","cube","cube","cube","cube","cube","cube","cube","cube","tail_3","tail_2","tail","cube","cube","cube","cube","cube","cube","head_2","cube","fin2","cube","fin","head","body","sturgeon"],"trimesh":{"vertices":[0.3125,0.4375,0.4375,0.3125,-0.125,0.4375,0.3125,0.4375,-0.4375,0.3125,-0.125,-0.4375,-0.3125,0.4375,-0.4375,-0.3125,-0.125,-0.4375,-0.3125,0.4375,0.4375,-0.3125,-0.125,0.4375,-0.3125,0.4375,-0.4375,-0.3125,0.4375,0.4375,0.3125,0.4375,-0.4375,0.3125,0.4375,0.4375,-0.3125,-0.125,0.4375,-0.3125,-0.125,-0.4375,0.3125,-0.125,0.4375,0.3125,-0.125,-0.4375,-0.3125,0.4375,0.4375,-0.3125,-0.125,0.4375,0.3125,0.4375,0.4375,0.3125,-0.125,0.4375,0.3125,0.4375,-0.4375,0.3125,-0.125,-0.4375,-0.3125,0.4375,-0.4375,-0.3125,-0.125,-0.4375,0.0000625000029685907,-0.125,0.5,0.0000625000029685907,-0.5,0.5,0.0000625000029685907,-0.125,0,0.0000625000029685907,-0.5,0,0,-0.125,0,0,-0.5,0,0,-0.125,0.5,0,-0.5,0.5,0,-0.125,0,0,-0.125,0.5,0.0000625000029685907,-0.125,0,0.0000625000029685907,-0.125,0.5,0,-0.5,0.5,0,-0.5,0,0.0000625000029685907,-0.5,0.5,0.0000625000029685907,-0.5,0,0,-0.125,0.5,0,-0.5,0.5,0.0000625000029685907,-0.125,0.5,0.0000625000029685907,-0.5,0.5,0.0000625000029685907,-0.125,0,0.0000625000029685907,-0.5,0,0,-0.125,0,0,-0.5,0,-0.31247636675834656,-0.1250578910112381,0.125,-0.31247636675834656,-0.1250578910112381,0.5625,-0.31247636675834656,-0.1250578910112381,0.125,-0.6589311957359314,-0.2685641646385193,0.5625,-0.6589311957359314,-0.2685641646385193,0.125,-0.6589311957359314,-0.2685641646385193,0.5625,-0.31247636675834656,-0.1250578910112381,0.125,-0.31247636675834656,-0.1250578910112381,0.5625,-0.6589311957359314,-0.2685641646385193,0.5625,-0.6589311957359314,-0.2685641646385193,0.125,-0.31247636675834656,-0.1250578910112381,0.5625,-0.6589311957359314,-0.2685641646385193,0.5625,-0.31247636675834656,-0.1250578910112381,0.5625,-0.6589311957359314,-0.2685641646385193,0.125,-0.31247636675834656,-0.1250578910112381,0.125,-0.6589311957359314,-0.2685641646385193,0.125,0.31247636675834656,-0.1250578910112381,0.5625,0.31247636675834656,-0.1250578910112381,0.125,0.31247636675834656,-0.1250578910112381,0.5625,0.6589311957359314,-0.2685641646385193,0.125,0.6589311957359314,-0.2685641646385193,0.5625,0.6589311957359314,-0.2685641646385193,0.125,0.6589311957359314,-0.2685641646385193,0.5625,0.31247636675834656,-0.1250578910112381,0.5625,0.31247636675834656,-0.1250578910112381,0.125,0.6589311957359314,-0.2685641646385193,0.125,0.6589311957359314,-0.2685641646385193,0.5625,0.31247636675834656,-0.1250578910112381,0.5625,0.6589311957359314,-0.2685641646385193,0.5625,0.31247636675834656,-0.1250578910112381,0.125,0.6589311957359314,-0.2685641646385193,0.125,0.31247636675834656,-0.1250578910112381,0.125,0,0.4375,0.4375,0,0.8125,0.4375,0,0.8125,-0.4375,0,0.4375,-0.4375,0,0.8125,-0.4375,0,0.8125,-0.4375,0,0.8125,0.4375,0,0.4375,0.4375,0,0.4375,0.4375,0,0.4375,-0.4375,0,0.8125,0.4375,0,0.8125,0.4375,0,0.4375,0.4375,0,0.8125,-0.4375,0,0.8125,-0.4375,0,0.4375,-0.4375,0.21875,0.3125,0.3125,0.21875,-0.125,0.3125,0.21875,0.3125,-0.1875,0.21875,-0.125,-0.1875,-0.21875,0.3125,-0.1875,-0.21875,-0.125,-0.1875,-0.21875,0.3125,0.3125,-0.21875,-0.125,0.3125,-0.21875,0.3125,-0.1875,-0.21875,0.3125,0.3125,0.21875,0.3125,-0.1875,0.21875,0.3125,0.3125,-0.21875,-0.125,0.3125,-0.21875,-0.125,-0.1875,0.21875,-0.125,0.3125,0.21875,-0.125,-0.1875,-0.21875,0.3125,0.3125,-0.21875,-0.125,0.3125,0.21875,0.3125,0.3125,0.21875,-0.125,0.3125,0.21875,0.3125,-0.1875,0.21875,-0.125,-0.1875,-0.21875,0.3125,-0.1875,-0.21875,-0.125,-0.1875,0,0.3125,0.3125,0,0.75,0.3125,0,0.75,-0.1875,0,0.3125,-0.1875,0,0.75,-0.1875,0,0.75,-0.1875,0,0.75,0.3125,0,0.75,0.3125,0,0.3125,0.3125,0,0.3125,0.3125,0,0.3125,-0.1875,0,0.3125,-0.1875,0,0.75,0.3125,0,0.75,0.3125,0,0.3125,0.3125,0,0.3125,0.3125,0,0.75,-0.1875,0,0.75,-0.1875,0,0.3125,-0.1875,0,0.3125,-0.1875,0.125,0.3125,0.3125,0.125,0,0.3125,0.125,0.3125,-0.0625,0.125,0,-0.0625,-0.125,0.3125,-0.0625,-0.125,0,-0.0625,-0.125,0.3125,0.3125,-0.125,0,0.3125,-0.125,0.3125,-0.0625,-0.125,0.3125,0.3125,0.125,0.3125,-0.0625,0.125,0.3125,0.3125,-0.125,0,0.3125,-0.125,0,-0.0625,0.125,0,0.3125,0.125,0,-0.0625,-0.125,0.3125,0.3125,-0.125,0,0.3125,0.125,0.3125,0.3125,0.125,0,0.3125,0.125,0.3125,-0.0625,0.125,0,-0.0625,-0.125,0.3125,-0.0625,-0.125,0,-0.0625,0,-0.1875,0.875,0,0.625,0.875,0,0.625,-0.0625,0,-0.1875,-0.0625,0,0.625,-0.0625,0,0.625,-0.0625,0,0.625,0.875,0,-0.1875,0.875,0,-0.1875,0.875,0,-0.1875,-0.0625,0,0.625,0.875,0,0.625,0.875,0,-0.1875,0.875,0,0.625,-0.0625,0,0.625,-0.0625,0,-0.1875,-0.0625,0.375,0.3125,0,0.375,-0.25,0,0.375,0.3125,-0.5625,0.375,-0.25,-0.5625,-0.375,0.3125,-0.5625,-0.375,-0.25,-0.5625,-0.375,0.3125,0,-0.375,-0.25,0,-0.375,0.3125,-0.5625,-0.375,0.3125,0,0.375,0.3125,-0.5625,0.375,0.3125,0,-0.375,-0.25,0,-0.375,-0.25,-0.5625,0.375,-0.25,0,0.375,-0.25,-0.5625,-0.375,0.3125,0,-0.375,-0.25,0,0.375,0.3125,0,0.375,-0.25,0,0.375,0.3125,-0.5625,0.375,-0.25,-0.5625,-0.375,0.3125,-0.5625,-0.375,-0.25,-0.5625,0.0000625000029685907,0.625,-0.125,0.0000625000029685907,0.3125,-0.125,0.0000625000029685907,0.625,-0.5625,0.0000625000029685907,0.3125,-0.5625,0,0.625,-0.5625,0,0.3125,-0.5625,0,0.625,-0.125,0,0.3125,-0.125,0,0.625,-0.5625,0,0.625,-0.125,0.0000625000029685907,0.625,-0.5625,0.0000625000029685907,0.625,-0.125,0,0.3125,-0.125,0,0.3125,-0.5625,0.0000625000029685907,0.3125,-0.125,0.0000625000029685907,0.3125,-0.5625,0,0.625,-0.125,0,0.3125,-0.125,0.0000625000029685907,0.625,-0.125,0.0000625000029685907,0.3125,-0.125,0.0000625000029685907,0.625,-0.5625,0.0000625000029685907,0.3125,-0.5625,0,0.625,-0.5625,0,0.3125,-0.5625,0.3125,0.125,0,0.3125,-0.25,0,0.3125,0.125,-0.5,0.3125,-0.25,-0.5,-0.3125,0.125,-0.5,-0.3125,-0.25,-0.5,-0.3125,0.125,0,-0.3125,-0.25,0,-0.3125,0.125,-0.5,-0.3125,0.125,0,0.3125,0.125,-0.5,0.3125,0.125,0,-0.3125,-0.25,0,-0.3125,-0.25,-0.5,0.3125,-0.25,0,0.3125,-0.25,-0.5,-0.3125,0.125,0,-0.3125,-0.25,0,0.3125,0.125,0,0.3125,-0.25,0,0.3125,0.125,-0.5,0.3125,-0.25,-0.5,-0.3125,0.125,-0.5,-0.3125,-0.25,-0.5,0.25,0.0625,-0.5,0.25,-0.125,-0.5,0.25,0.0625,-0.8125,0.25,-0.125,-0.8125,-0.25,0.0625,-0.8125,-0.25,-0.125,-0.8125,-0.25,0.0625,-0.5,-0.25,-0.125,-0.5,-0.25,0.0625,-0.8125,-0.25,0.0625,-0.5,0.25,0.0625,-0.8125,0.25,0.0625,-0.5,-0.25,-0.125,-0.5,-0.25,-0.125,-0.8125,0.25,-0.125,-0.5,0.25,-0.125,-0.8125,-0.25,0.0625,-0.5,-0.25,-0.125,-0.5,0.25,0.0625,-0.5,0.25,-0.125,-0.5,0.25,0.0625,-0.8125,0.25,-0.125,-0.8125,-0.25,0.0625,-0.8125,-0.25,-0.125,-0.8125,-0.4267766773700714,-0.3017766773700714,-0.5625,-0.2499999850988388,-0.1249999925494194,-0.5625,-0.2499999850988388,-0.1249999925494194,-0.8125,-0.4267766773700714,-0.3017766773700714,-0.8125,-0.2499999850988388,-0.1249999925494194,-0.8125,-0.2499999850988388,-0.1249999925494194,-0.8125,-0.2499999850988388,-0.1249999925494194,-0.5625,-0.4267766773700714,-0.3017766773700714,-0.5625,-0.4267766773700714,-0.3017766773700714,-0.5625,-0.4267766773700714,-0.3017766773700714,-0.8125,-0.2499999850988388,-0.1249999925494194,-0.5625,-0.2499999850988388,-0.1249999925494194,-0.5625,-0.4267766773700714,-0.3017766773700714,-0.5625,-0.2499999850988388,-0.1249999925494194,-0.8125,-0.2499999850988388,-0.1249999925494194,-0.8125,-0.4267766773700714,-0.3017766773700714,-0.8125,0.2499999850988388,-0.1249999925494194,-0.8125,0.2499999850988388,-0.1249999925494194,-0.5625,0.4267766773700714,-0.3017766773700714,-0.5625,0.4267766773700714,-0.3017766773700714,-0.8125,0.2499999850988388,-0.1249999925494194,-0.8125,0.2499999850988388,-0.1249999925494194,-0.8125,0.2499999850988388,-0.1249999925494194,-0.5625,0.4267766773700714,-0.3017766773700714,-0.5625,0.4267766773700714,-0.3017766773700714,-0.5625,