{"schemaVersion":4,"source":{"uri":"models/Pets/Lionfish/lionfish.gltf","sha256":"201340d5bc16ca38bb730ffd21b7aab7a9137df186193a838b2371e3bf73bbb7"},"animationNames":["idle","walk"],"boundingBox":{"min":{"x":-0.34375,"y":-0.0625,"z":-0.4375},"max":{"x":0.34375,"y":0.6319465782472562,"z":0.5}},"nodeNames":["cube","cube","cube","cube","cube","cube","fin","cube","fin2","cube","top_fin","cube","cube","tail","cube","head","lionfish"],"trimesh":{"vertices":[0.09375,0.25,0.3125,0.09375,-0.0625,0.3125,0.09375,0.25,-0.125,0.09375,-0.0625,-0.125,-0.09375,0.25,-0.125,-0.09375,-0.0625,-0.125,-0.09375,0.25,0.3125,-0.09375,-0.0625,0.3125,-0.09375,0.25,-0.125,-0.09375,0.25,0.3125,0.09375,0.25,-0.125,0.09375,0.25,0.3125,-0.09375,-0.0625,0.3125,-0.09375,-0.0625,-0.125,0.09375,-0.0625,0.3125,0.09375,-0.0625,-0.125,-0.09375,0.25,0.3125,-0.09375,-0.0625,0.3125,0.09375,0.25,0.3125,0.09375,-0.0625,0.3125,0.09375,0.25,-0.125,0.09375,-0.0625,-0.125,-0.09375,0.25,-0.125,-0.09375,-0.0625,-0.125,0.22408214211463928,-0.04459605738520622,0.3859655261039734,0.28124502301216125,0.1982133537530899,0.4025786221027374,0.10446833819150925,0.2714366912841797,-0.059361137449741364,0.047305453568696976,0.028627272695302963,-0.0759742259979248,0.10446833819150925,0.2714366912841797,-0.059361137449741364,0.10446833819150925,0.2714366912841797,-0.059361137449741364,0.28124502301216125,0.1982133537530899,0.4025786221027374,0.22408214211463928,-0.04459605738520622,0.3859655261039734,0.22408214211463928,-0.04459605738520622,0.3859655261039734,0.047305453568696976,0.028627272695302963,-0.0759742259979248,0.28124502301216125,0.1982133537530899,0.4025786221027374,0.28124502301216125,0.1982133537530899,0.4025786221027374,0.22408214211463928,-0.04459605738520622,0.3859655261039734,0.047305453568696976,0.028627272695302963,-0.0759742259979248,-0.10446833819150925,0.2714366912841797,-0.059361137449741364,-0.28124502301216125,0.1982133537530899,0.4025786221027374,-0.22408214211463928,-0.04459605738520622,0.3859655261039734,-0.047305453568696976,0.028627272695302963,-0.0759742259979248,-0.10446833819150925,0.2714366912841797,-0.059361137449741364,-0.10446833819150925,0.2714366912841797,-0.059361137449741364,-0.28124502301216125,0.1982133537530899,0.4025786221027374,-0.22408214211463928,-0.04459605738520622,0.3859655261039734,-0.22408214211463928,-0.04459605738520622,0.3859655261039734,-0.047305453568696976,0.028627272695302963,-0.0759742259979248,-0.28124502301216125,0.1982133537530899,0.4025786221027374,-0.28124502301216125,0.1982133537530899,0.4025786221027374,-0.22408214211463928,-0.04459605738520622,0.3859655261039734,-0.047305453568696976,0.028627272695302963,-0.0759742259979248,0.15625,0.5069465637207031,0.18956947326660156,0.15625,0.3086082339286804,0.3417598307132721,0.15625,0.24061346054077148,-0.15752260386943817,0.15625,0.04227512329816818,-0.005332243628799915,-0.15625,0.24061346054077148,-0.15752260386943817,-0.15625,0.04227512329816818,-0.005332243628799915,-0.15625,0.5069465637207031,0.18956947326660156,-0.15625,0.3086082339286804,0.3417598307132721,-0.15625,0.24061346054077148,-0.15752260386943817,-0.15625,0.5069465637207031,0.18956947326660156,0.15625,0.24061346054077148,-0.15752260386943817,0.15625,0.5069465637207031,0.18956947326660156,-0.15625,0.3086082339286804,0.3417598307132721,-0.15625,0.04227512329816818,-0.005332243628799915,0.15625,0.3086082339286804,0.3417598307132721,0.15625,0.04227512329816818,-0.005332243628799915,-0.15625,0.5069465637207031,0.18956947326660156,-0.15625,0.3086082339286804,0.3417598307132721,0.15625,0.5069465637207031,0.18956947326660156,0.15625,0.3086082339286804,0.3417598307132721,0.15625,0.24061346054077148,-0.15752260386943817,0.15625,0.04227512329816818,-0.005332243628799915,-0.15625,0.24061346054077148,-0.15752260386943817,-0.15625,0.04227512329816818,-0.005332243628799915,0.09375,0.125,0,0.09375,0.125,0.25,0.09375,0.125,0,-0.15625,0.125,0.25,-0.15625,0.125,0,-0.15625,0.125,0.25,0.09375,0.125,0.25,0.09375,0.125,0,-0.15625,0.125,0,-0.15625,0.125,0.25,0.09375,0.125,0.25,-0.15625,0.125,0.25,0.09375,0.125,0.25,0.09375,0.125,0,-0.15625,0.125,0,-0.09375,0.125,0.25,-0.09375,0.125,0,-0.09375,0.125,0.25,0.15625,0.125,0,0.15625,0.125,0.25,0.15625,0.125,0,0.15625,0.125,0,-0.09375,0.125,0,-0.09375,0.125,0.25,0.15625,0.125,0.25,0.15625,0.125,0.25,-0.09375,0.125,0.25,0.15625,0.125,0.25,-0.09375,0.125,0,-0.09375,0.125,0,0,-0.375,0.15625,0,-0.1875,0.15625,0,-0.1875,-0.09375,0,-0.375,-0.09375,0,-0.1875,-0.09375,0,-0.1875,-0.09375,0,-0.1875,0.15625,0,-0.375,0.15625,0,-0.375,0.15625,0,-0.375,-0.09375,0,-0.1875,0.15625,0,-0.1875,0.15625,0,-0.375,0.15625,0,-0.375,-0.09375,0,-0.15625,0.3125,0,0.15625,0.3125,0,0.15625,0,0,-0.15625,0,0,0.15625,0,0,0.15625,0,0,0.15625,0.3125,0,-0.15625,0.3125,0,-0.15625,0.3125,0,-0.15625,0,0,0.15625,0.3125,0,0.15625,0.3125,0,-0.15625,0.3125,0,-0.15625,0,0.046875,0.0625,0.125,0.046875,-0.0625,0.125,0.046875,0.0625,-0.0625,0.046875,-0.0625,-0.0625,-0.046875,0.0625,-0.0625,-0.046875,-0.0625,-0.0625,-0.046875,0.0625,0.125,-0.046875,-0.0625,0.125,-0.046875,0.0625,-0.0625,-0.046875,0.0625,0.125,0.046875,0.0625,-0.0625,0.046875,0.0625,0.125,-0.046875,-0.0625,0.125,-0.046875,-0.0625,-0.0625,0.046875,-0.0625,0.125,0.046875,-0.0625,-0.0625,-0.046875,0.0625,0.125,-0.046875,-0.0625,0.125,0.046875,0.0625,0.125,0.046875,-0.0625,0.125,0.046875,0.0625,-0.0625,0.046875,-0.0625,-0.0625,-0.046875,0.0625,-0.0625,-0.046875,-0.0625,-0.0625,0.0625,0.2018750011920929,0.3125,0.0625,-0.016875000670552254,0.3125,0.0625,0.2018750011920929,0.1875,0.0625,-0.016875000670552254,0.1875,-0.0625,0.2018750011920929,0.1875,-0.0625,-0.016875000670552254,0.1875,-0.0625,0.2018750011920929,0.3125,-0.0625,-0.016875000670552254,0.3125,-0.0625,0.2018750011920929,0.1875,-0.0625,0.2018750011920929,0.3125,0.0625,0.2018750011920929,0.1875,0.0625,0.2018750011920929,0.3125,-0.0625,-0.016875000670552254,0.3125,-0.0625,-0.016875000670552254,0.1875,0.0625,-0.016875000670552254,0.3125,0.0625,-0.016875000670552254,0.1875,-0.0625,0.2018750011920929,0.3125,-0.0625,-0.016875000670552254,0.3125,0.0625,0.2018750011920929,0.3125,0.0625,-0.016875000670552254,0.3125,0.0625,0.2018750011920929,0.1875,0.0625,-0.016875000670552254,0.1875,-0.0625,0.2018750011920929,0.1875,-0.0625,-0.016875000670552254,0.1875],"indices":[0,1,2,1,3,2,4,5,6,5,7,6,8,9,10,9,11,10,12,13,14,13,15,14,16,17,18,17,19,18,20,21,22,21,23,22,24,25,26,24,26,27,28,29,30,28,30,30,31,32,33,31,33,33,34,35,36,34,36,36,28,29,37,28,37,37,38,39,40,38,40,41,42,43,44,42,44,44,45,46,47,45,47,47,48,49,50,48,50,50,42,43,51,42,51,51,24,25,26,24,26,27,28,29,30,28,30,30,31,32,33,31,33,33,34,35,36,34,36,36,28,29,37,28,37,37,52,53,54,53,55,54,56,57,58,57,59,58,60,61,62,61,63,62,64,65,66,65,67,66,68,69,70,69,71,70,72,73,74,73,75,74,76,77,78,76,78,77,79,80,81,79,81,80,82,83,84,82,84,85,86,87,88,86,88,87,80,89,90,80,90,89,91,92,92,91,92,93,94,95,95,94,95,96,97,98,99,97,99,100,101,102,102,101,102,103,104,94,94,104,94,105,106,107,108,106,108,109,110,111,112,110,112,112,113,114,115,113,115,115,116,117,118,116,118,118,110,111,119,110,119,119,120,121,122,120,122,123,124,125,126,124,126,126,127,128,129,127,129,129,130,131,132,130,132,132,124,125,133,124,133,133,134,135,136,135,137,136,138,139,140,139,141,140,142,143,144,143,145,144,146,147,148,147,149,148,150,151,152,151,153,152,154,155,156,155,157,156,158,159,160,159,161,160,162,163,164,163,165,164,166,167,168,167,169,168,170,171,172,171,173,172,174,175,176,175,177,176,178,179,180,179,181,180]},"optimizedModelData":{"":{"meshCount":6},"-named-nodes":{"meshCount":10},"-no-animations":{"meshCount":1}}}