{"schemaVersion":4,"source":{"uri":"models/environment/Tropical/summer-chair.gltf","sha256":"c9dd332308bbf6acbfa486f74a4ca52d21715b287f7c5af4991ac54d955b70b2"},"animationNames":[],"boundingBox":{"min":{"x":-0.421875,"y":-0.011374148389910688,"z":-0.5625},"max":{"x":0.421875,"y":1.0161403930217912,"z":0.6411403930217913}},"nodeNames":["cube","cube","cube","cube","cube","cube","summer_chair",""],"trimesh":{"vertices":[-0.328125,0.44746601581573486,0.601820170879364,-0.328125,-0.5137572884559631,-0.3594030737876892,-0.328125,0.5137572884559631,0.5355289578437805,-0.328125,-0.44746601581573486,-0.4256943464279175,-0.421875,0.5137572884559631,0.5355289578437805,-0.421875,-0.44746601581573486,-0.4256943464279175,-0.421875,0.44746601581573486,0.601820170879364,-0.421875,-0.5137572884559631,-0.3594030737876892,-0.421875,0.5137572884559631,0.5355289578437805,-0.421875,0.44746601581573486,0.601820170879364,-0.328125,0.5137572884559631,0.5355289578437805,-0.328125,0.44746601581573486,0.601820170879364,-0.421875,-0.5137572884559631,-0.3594030737876892,-0.421875,-0.44746601581573486,-0.4256943464279175,-0.328125,-0.5137572884559631,-0.3594030737876892,-0.328125,-0.44746601581573486,-0.4256943464279175,-0.421875,0.44746601581573486,0.601820170879364,-0.421875,-0.5137572884559631,-0.3594030737876892,-0.328125,0.44746601581573486,0.601820170879364,-0.328125,-0.5137572884559631,-0.3594030737876892,-0.328125,0.5137572884559631,0.5355289578437805,-0.328125,-0.44746601581573486,-0.4256943464279175,-0.421875,0.5137572884559631,0.5355289578437805,-0.421875,-0.44746601581573486,-0.4256943464279175,-0.3515625,-0.47525253891944885,0.34467488527297974,-0.3515625,-0.5111291408538818,0.2580612003803253,-0.3515625,0.04442968592047691,0.12941545248031616,-0.3515625,0.008553115651011467,0.04280174523591995,-0.3984375,0.04442968592047691,0.12941545248031616,-0.3984375,0.008553115651011467,0.04280174523591995,-0.3984375,-0.47525253891944885,0.34467488527297974,-0.3984375,-0.5111291408538818,0.2580612003803253,-0.3984375,0.04442968592047691,0.12941545248031616,-0.3984375,-0.47525253891944885,0.34467488527297974,-0.3515625,0.04442968592047691,0.12941545248031616,-0.3515625,-0.47525253891944885,0.34467488527297974,-0.3984375,-0.5111291408538818,0.2580612003803253,-0.3984375,0.008553115651011467,0.04280174523591995,-0.3515625,-0.5111291408538818,0.2580612003803253,-0.3515625,0.008553115651011467,0.04280174523591995,-0.3984375,-0.47525253891944885,0.34467488527297974,-0.3984375,-0.5111291408538818,0.2580612003803253,-0.3515625,-0.47525253891944885,0.34467488527297974,-0.3515625,-0.5111291408538818,0.2580612003803253,-0.3515625,0.04442968592047691,0.12941545248031616,-0.3515625,0.008553115651011467,0.04280174523591995,-0.3984375,0.04442968592047691,0.12941545248031616,-0.3984375,0.008553115651011467,0.04280174523591995,0.421875,0.44746601581573486,0.601820170879364,0.421875,-0.5137572884559631,-0.3594030737876892,0.421875,0.5137572884559631,0.5355289578437805,0.421875,-0.44746601581573486,-0.4256943464279175,0.328125,0.5137572884559631,0.5355289578437805,0.328125,-0.44746601581573486,-0.4256943464279175,0.328125,0.44746601581573486,0.601820170879364,0.328125,-0.5137572884559631,-0.3594030737876892,0.328125,0.5137572884559631,0.5355289578437805,0.328125,0.44746601581573486,0.601820170879364,0.421875,0.5137572884559631,0.5355289578437805,0.421875,0.44746601581573486,0.601820170879364,0.328125,-0.5137572884559631,-0.3594030737876892,0.328125,-0.44746601581573486,-0.4256943464279175,0.421875,-0.5137572884559631,-0.3594030737876892,0.421875,-0.44746601581573486,-0.4256943464279175,0.328125,0.44746601581573486,0.601820170879364,0.328125,-0.5137572884559631,-0.3594030737876892,0.421875,0.44746601581573486,0.601820170879364,0.421875,-0.5137572884559631,-0.3594030737876892,0.421875,0.5137572884559631,0.5355289578437805,0.421875,-0.44746601581573486,-0.4256943464279175,0.328125,0.5137572884559631,0.5355289578437805,0.328125,-0.44746601581573486,-0.4256943464279175,0.3984375,-0.47525253891944885,0.34467488527297974,0.3984375,-0.5111291408538818,0.2580612003803253,0.3984375,0.04442968592047691,0.12941545248031616,0.3984375,0.008553115651011467,0.04280174523591995,0.3515625,0.04442968592047691,0.12941545248031616,0.3515625,0.008553115651011467,0.04280174523591995,0.3515625,-0.47525253891944885,0.34467488527297974,0.3515625,-0.5111291408538818,0.2580612003803253,0.3515625,0.04442968592047691,0.12941545248031616,0.3515625,-0.47525253891944885,0.34467488527297974,0.3984375,0.04442968592047691,0.12941545248031616,0.3984375,-0.47525253891944885,0.34467488527297974,0.3515625,-0.5111291408538818,0.2580612003803253,0.3515625,0.008553115651011467,0.04280174523591995,0.3984375,-0.5111291408538818,0.2580612003803253,0.3984375,0.008553115651011467,0.04280174523591995,0.3515625,-0.47525253891944885,0.34467488527297974,0.3515625,-0.5111291408538818,0.2580612003803253,0.3984375,-0.47525253891944885,0.34467488527297974,0.3984375,-0.5111291408538818,0.2580612003803253,0.3984375,0.04442968592047691,0.12941545248031616,0.3984375,0.008553115651011467,0.04280174523591995,0.3515625,0.04442968592047691,0.12941545248031616,0.3515625,0.008553115651011467,0.04280174523591995,0.328125,-0.17425812780857086,0.1481797993183136,0.328125,-0.26800811290740967,0.1481797993183136,0.328125,-0.17425809800624847,-0.601820170879364,0.328125,-0.26800811290740967,-0.601820170879364,-0.328125,-0.17425809800624847,-0.601820170879364,-0.328125,-0.26800811290740967,-0.601820170879364,-0.328125,-0.17425812780857086,0.1481797993183136,-0.328125,-0.26800811290740967,0.1481797993183136,-0.328125,-0.17425809800624847,-0.601820170879364,-0.328125,-0.17425812780857086,0.1481797993183136,0.328125,-0.17425809800624847,-0.601820170879364,0.328125,-0.17425812780857086,0.1481797993183136,-0.328125,-0.26800811290740967,0.1481797993183136,-0.328125,-0.26800811290740967,-0.601820170879364,0.328125,-0.26800811290740967,0.1481797993183136,0.328125,-0.26800811290740967,-0.601820170879364,-0.328125,-0.17425812780857086,0.1481797993183136,-0.328125,-0.26800811290740967,0.1481797993183136,0.328125,-0.17425812780857086,0.1481797993183136,0.328125,-0.26800811290740967,0.1481797993183136,0.328125,-0.17425809800624847,-0.601820170879364,0.328125,-0.26800811290740967,-0.601820170879364,-0.328125,-0.17425809800624847,-0.601820170879364,-0.328125,-0.26800811290740967,-0.601820170879364,0.328125,0.42490154504776,0.4351920187473297,0.328125,-0.26800811290740967,0.14817942678928375,0.328125,0.4607781171798706,0.3485783040523529,0.328125,-0.23213154077529907,0.06156571954488754,-0.328125,0.4607781171798706,0.3485783040523529,-0.328125,-0.23213154077529907,0.06156571954488754,-0.328125,0.42490154504776,0.4351920187473297,-0.328125,-0.26800811290740967,0.14817942678928375,-0.328125,0.4607781171798706,0.3485783040523529,-0.328125,0.42490154504776,0.4351920187473297,0.328125,0.4607781171798706,0.3485783040523529,0.328125,0.42490154504776,0.4351920187473297,-0.328125,-0.26800811290740967,0.14817942678928375,-0.328125,-0.23213154077529907,0.06156571954488754,0.328125,-0.26800811290740967,0.14817942678928375,0.328125,-0.23213154077529907,0.06156571954488754,-0.328125,0.42490154504776,0.4351920187473297,-0.328125,-0.26800811290740967,0.14817942678928375,0.328125,0.42490154504776,0.4351920187473297,0.328125,-0.26800811290740967,0.14817942678928375,0.328125,0.4607781171798706,0.3485783040523529,0.328125,-0.23213154077529907,0.06156571954488754,-0.328125,0.4607781171798706,0.3485783040523529,-0.328125,-0.23213154077529907,0.06156571954488754],