{"schemaVersion":4,"source":{"uri":"models/Pets/Pike/pike.gltf","sha256":"9dc23e5225e550243241edaf9e8c0acbc78e4a41cb21be2ebd74ac0f745009da"},"animationNames":["idle","walk"],"boundingBox":{"min":{"x":-0.37459606212334684,"y":-0.06391093315595348,"z":-0.9506956760957515},"max":{"x":0.37540393787665316,"y":0.7485890668440466,"z":0.9871168310568059}},"nodeNames":["cube","cube","cube","cube","cube","cube","fin","cube","fin2","cube","cube","tail","cube","cube","top_gaw","cube","cube","bottom_gaw","head","pike"],"trimesh":{"vertices":[0.125,0.1875,0.625,0.125,-0.125,0.625,0.125,0.1875,-0.375,0.125,-0.125,-0.375,-0.125,0.1875,-0.375,-0.125,-0.125,-0.375,-0.125,0.1875,0.625,-0.125,-0.125,0.625,-0.125,0.1875,-0.375,-0.125,0.1875,0.625,0.125,0.1875,-0.375,0.125,0.1875,0.625,-0.125,-0.125,0.625,-0.125,-0.125,-0.375,0.125,-0.125,0.625,0.125,-0.125,-0.375,-0.125,0.1875,0.625,-0.125,-0.125,0.625,0.125,0.1875,0.625,0.125,-0.125,0.625,0.125,0.1875,-0.375,0.125,-0.125,-0.375,-0.125,0.1875,-0.375,-0.125,-0.125,-0.375,-0.27140477299690247,-0.188609778881073,0.5453147292137146,-0.3489603102207184,-0.22222374379634857,0.3779484033584595,-0.27140477299690247,-0.188609778881073,0.5453147292137146,-0.16609524190425873,-0.0926402285695076,0.2671852707862854,-0.08853967487812042,-0.05902625992894173,0.4345515966415405,-0.16609524190425873,-0.0926402285695076,0.2671852707862854,-0.08853967487812042,-0.05902625992894173,0.4345515966415405,-0.27140477299690247,-0.188609778881073,0.5453147292137146,-0.3489603102207184,-0.22222374379634857,0.3779484033584595,-0.16609524190425873,-0.0926402285695076,0.2671852707862854,-0.08853967487812042,-0.05902625992894173,0.4345515966415405,-0.27140477299690247,-0.188609778881073,0.5453147292137146,-0.08853967487812042,-0.05902625992894173,0.4345515966415405,-0.3489603102207184,-0.22222374379634857,0.3779484033584595,-0.16609524190425873,-0.0926402285695076,0.2671852707862854,-0.3489603102207184,-0.22222374379634857,0.3779484033584595,0.3489603102207184,-0.22222374379634857,0.3779484033584595,0.27140477299690247,-0.188609778881073,0.5453147292137146,0.3489603102207184,-0.22222374379634857,0.3779484033584595,0.08853967487812042,-0.05902625992894173,0.4345515966415405,0.16609524190425873,-0.0926402285695076,0.2671852707862854,0.08853967487812042,-0.05902625992894173,0.4345515966415405,0.3489603102207184,-0.22222374379634857,0.3779484033584595,0.27140477299690247,-0.188609778881073,0.5453147292137146,0.08853967487812042,-0.05902625992894173,0.4345515966415405,0.16609524190425873,-0.0926402285695076,0.2671852707862854,0.27140477299690247,-0.188609778881073,0.5453147292137146,0.08853967487812042,-0.05902625992894173,0.4345515966415405,0.27140477299690247,-0.188609778881073,0.5453147292137146,0.16609524190425873,-0.0926402285695076,0.2671852707862854,0.3489603102207184,-0.22222374379634857,0.3779484033584595,0.16609524190425873,-0.0926402285695076,0.2671852707862854,0,0.1875,0.6875,0,0.4375,0.6875,0,0.4375,0.125,0,0.1875,0.125,0,0.4375,0.125,0,0.4375,0.125,0,0.4375,0.6875,0,0.1875,0.6875,0,0.1875,0.6875,0,0.1875,0.125,0,0.4375,0.6875,0,0.4375,0.6875,0,0.1875,0.6875,0,0.4375,0.125,0,0.4375,0.125,0,0.1875,0.125,0,-0.375,0.6875,0,-0.125,0.6875,0,-0.125,0.125,0,-0.375,0.125,0,-0.125,0.125,0,-0.125,0.125,0,-0.125,0.6875,0,-0.375,0.6875,0,-0.375,0.6875,0,-0.375,0.125,0,-0.125,0.6875,0,-0.125,0.6875,0,-0.375,0.6875,0,-0.125,0.125,0,-0.125,0.125,0,-0.375,0.125,-0.375,0.03125,-0.125,-0.375,0.03125,-0.3125,-0.375,0.03125,-0.125,-0.125,0.03125,-0.3125,-0.125,0.03125,-0.125,-0.125,0.03125,-0.3125,-0.125,0.03125,-0.125,-0.375,0.03125,-0.125,-0.375,0.03125,-0.3125,-0.125,0.03125,-0.3125,-0.125,0.03125,-0.125,-0.375,0.03125,-0.125,-0.125,0.03125,-0.125,-0.375,0.03125,-0.3125,-0.125,0.03125,-0.3125,-0.375,0.03125,-0.3125,0.375,0.03125,-0.3125,0.375,0.03125,-0.125,0.375,0.03125,-0.3125,0.125,0.03125,-0.125,0.125,0.03125,-0.3125,0.125,0.03125,-0.125,0.375,0.03125,-0.3125,0.375,0.03125,-0.125,0.125,0.03125,-0.125,0.125,0.03125,-0.3125,0.375,0.03125,-0.125,0.125,0.03125,-0.125,0.375,0.03125,-0.125,0.125,0.03125,-0.3125,0.375,0.03125,-0.3125,0.125,0.03125,-0.3125,0.0625,0.15625,-0.3125,0.0625,-0.03125,-0.3125,0.0625,0.15625,-0.5,0.0625,-0.03125,-0.5,-0.0625,0.15625,-0.5,-0.0625,-0.03125,-0.5,-0.0625,0.15625,-0.3125,-0.0625,-0.03125,-0.3125,-0.0625,0.15625,-0.5,-0.0625,0.15625,-0.3125,0.0625,0.15625,-0.5,0.0625,0.15625,-0.3125,-0.0625,-0.03125,-0.3125,-0.0625,-0.03125,-0.5,0.0625,-0.03125,-0.3125,0.0625,-0.03125,-0.5,-0.0625,0.15625,-0.3125,-0.0625,-0.03125,-0.3125,0.0625,0.15625,-0.3125,0.0625,-0.03125,-0.3125,0.0625,0.15625,-0.5,0.0625,-0.03125,-0.5,-0.0625,0.15625,-0.5,-0.0625,-0.03125,-0.5,0,-0.15625,-0.0625,0,0.28125,-0.0625,0,0.28125,-0.5,0,-0.15625,-0.5,0,0.28125,-0.5,0,0.28125,-0.5,0,0.28125,-0.0625,0,-0.15625,-0.0625,0,-0.15625,-0.0625,0,-0.15625,-0.5,0,0.28125,-0.0625,0,0.28125,-0.0625,0,-0.15625,-0.0625,0,0.28125,-0.5,0,0.28125,-0.5,0,-0.15625,-0.5,0.09375,0.09375,0.4375,0.09375,-0.1875,0.4375,0.09375,0.09375,0.25,0.09375,-0.1875,0.25,-0.09375,0.09375,0.25,-0.09375,-0.1875,0.25,-0.09375,0.09375,0.4375,-0.09375,-0.1875,0.4375,-0.09375,0.09375,0.25,-0.09375,0.09375,0.4375,0.09375,0.09375,0.25,0.09375,0.09375,0.4375,-0.09375,-0.1875,0.4375,-0.09375,-0.1875,0.25,0.09375,-0.1875,0.4375,0.09375,-0.1875,0.25,-0.09375,0.09375,0.4375,-0.09375,-0.1875,0.4375,0.09375,0.09375,0.4375,0.09375,-0.1875,0.4375,0.09375,0.09375,0.25,0.09375,-0.1875,0.25,-0.09375,0.09375,0.25,-0.09375,-0.1875,0.25,0.09375,0.0625,0.5,0.09375,-0.0625,0.5,0.09375,0.0625,0.19374999403953552,0.09375,-0.0625,0.19374999403953552,-0.09375,0.0625,0.19374999403953552,-0.09375,-0.0625,0.19374999403953552,-0.09375,0.0625,0.5,-0.09375,-0.0625,0.5,-0.09375,0.0625,0.19374999403953552,-0.09375,0.0625,0.5,0.09375,0.0625,0.19374999403953552,0.09375,0.0625,0.5,-0.09375,-0.0625,0.5,-0.09375,-0.0625,0.19374999403953552,0.09375,-0.0625,0.5,0.09375,-0.0625,0.19374999403953552,-0.09375,0.0625,0.5,-0.09375,-0.0625,0.5,0.09375,0.0625,0.5,0.09375,-0.0625,0.5,0.09375,0.0625,0.19374999403953552,0.09375,-0.0625,0.19374999403953552,-0.09375,0.0625,0.19374999403953552,-0.09375,-0.0625,0.19374999403953552,0.125,0.0625,0,0.125,-0.0625,0,0.125,0.0625,-0.3125,0.125,-0.0625,-0.3125,-0.125,0.0625,-0.3125,-0.125,-0.0625,-0.3125,-0.125,0.0625,0,-0.125,-0.0625,0,-0.125,0.0625,-0.3125,-0.125,0.0625,0,0.125,0.0625,-0.3125,0.125,0.0625,0,-0.125,-0.0625,0,-0.125,-0.0625,-0.3125,0.125,-0.0625,0,0.125,-0.0625,-0.3125,-0.125,0.0625,0,-0.125,-0.0625,0,0.125,0.0625,0,0.125,-0.0625,0,0.125,0.0625,-0.3125,0.125,-0.0625,-0.3125,-0.125,0.0625,-0.3125,-0.125,-0.0625,-0.3125,0.12531250715255737,0.18781250715255737,0.00031250715255737305,0.12531250715255737,0.062187500298023224,0.00031250715255737305,0.12531250715255737,0.18781250715255737,-0.3128125071525574,0.12531250715255737,0.062187500298023224,-0.3128125071525574,-0.12531250715255737,0.18781250715255737,-0.3128125071525574,-0.12531250715255737,0.062187500298023224,-0.3128125071525574,-0.12531250715255737,0.18781250715255737,0.00031250715255737305,-0.12531250715255737,0.062187500298023224,0.00031250715255737305,-0.12531250715255737,0.18781250715255737,-0.3128125071525574,-0.12531250715255737,0.18781250715255737,0.00031250715255737305,0.12531250715255737,0.18781250715255737,-0.3128125071525574,0.12531250715255737,0.18781250715255737,0.00031250715255737305,-0.12531250715255737,0.062187500298023224,0.00031250715255737305,-0.12531250715255737,0.062187500298023224,-0.3128125071525574,0.12531250715255737,0.062187500298023224,0.00031250715255737305,0.12531250715255737,0.062187500298023224,-0.3128125071525574,-0.12531250715255737,0.18781250715255737,0.00031250715255737305,-0.12531250715255737,0.062187500298023224,0.00031250715255737305,0.12531250715255737,0.18781250715255737,0.00031250715255737305,0.12531250715255737,0.062187500298023224,0.00031250715255737305,0.12531250715255737,0.18781250715255737,-0.3128125071525574,0.12531250715255737,0.062187500298023224,-0.3128125071525574,-0.12531250715255737,