{"schemaVersion":4,"source":{"uri":"models/Pets/Clownfish/clownfish.gltf","sha256":"8def54db890d070a0b6d365184a3d02543b197573ea986ba6eb5c5a095b391db"},"animationNames":["idle","walk"],"boundingBox":{"min":{"x":-0.28125,"y":-0.0625,"z":-0.4375},"max":{"x":0.28125,"y":0.5,"z":0.5}},"nodeNames":["cube","cube","fin","cube","fin2","cube","top_fin","cube","bottom_fin","cube","cube","tail","cube","head","clownfish",""],"trimesh":{"vertices":[0.09375,0.25,0.4375,0.09375,-0.0625,0.4375,0.09375,0.25,-0.125,0.09375,-0.0625,-0.125,-0.09375,0.25,-0.125,-0.09375,-0.0625,-0.125,-0.09375,0.25,0.4375,-0.09375,-0.0625,0.4375,-0.09375,0.25,-0.125,-0.09375,0.25,0.4375,0.09375,0.25,-0.125,0.09375,0.25,0.4375,-0.09375,-0.0625,0.4375,-0.09375,-0.0625,-0.125,0.09375,-0.0625,0.4375,0.09375,-0.0625,-0.125,-0.09375,0.25,0.4375,-0.09375,-0.0625,0.4375,0.09375,0.25,0.4375,0.09375,-0.0625,0.4375,0.09375,0.25,-0.125,0.09375,-0.0625,-0.125,-0.09375,0.25,-0.125,-0.09375,-0.0625,-0.125,0.09375,0.125,0,0.09375,0.125,0.25,0.09375,0.125,0,-0.09375,0.125,0.25,-0.09375,0.125,0,-0.09375,0.125,0.25,0.09375,0.125,0.25,0.09375,0.125,0,-0.09375,0.125,0,-0.09375,0.125,0.25,0.09375,0.125,0.25,-0.09375,0.125,0.25,0.09375,0.125,0.25,0.09375,0.125,0,-0.09375,0.125,0,-0.09375,0.125,0.25,-0.09375,0.125,0,-0.09375,0.125,0.25,0.09375,0.125,0,0.09375,0.125,0.25,0.09375,0.125,0,0.09375,0.125,0,-0.09375,0.125,0,-0.09375,0.125,0.25,0.09375,0.125,0.25,0.09375,0.125,0.25,-0.09375,0.125,0.25,0.09375,0.125,0.25,-0.09375,0.125,0,-0.09375,0.125,0,0,0,0.3125,0,0.125,0.3125,0,0.125,0.0625,0,0,0.0625,0,0.125,0.0625,0,0.125,0.0625,0,0.125,0.3125,0,0,0.3125,0,0,0.3125,0,0,0.0625,0,0.125,0.3125,0,0.125,0.3125,0,0,0.3125,0,0,0.0625,0,-0.125,0.0625,0,-0.125,0.3125,0,0,0.3125,0,0,0.0625,0,-0.125,0.0625,0,-0.125,0.0625,0,-0.125,0.3125,0,0,0.3125,0,0,0.3125,0,0,0.0625,0,-0.125,0.3125,0,-0.125,0.3125,0,0,0.3125,0,0,0.0625,0.046875,0.09375,0.0625,0.046875,-0.09375,0.0625,0.046875,0.09375,-0.0625,0.046875,-0.09375,-0.0625,-0.046875,0.09375,-0.0625,-0.046875,-0.09375,-0.0625,-0.046875,0.09375,0.0625,-0.046875,-0.09375,0.0625,-0.046875,0.09375,-0.0625,-0.046875,0.09375,0.0625,0.046875,0.09375,-0.0625,0.046875,0.09375,0.0625,-0.046875,-0.09375,0.0625,-0.046875,-0.09375,-0.0625,0.046875,-0.09375,0.0625,0.046875,-0.09375,-0.0625,-0.046875,0.09375,0.0625,-0.046875,-0.09375,0.0625,0.046875,0.09375,0.0625,0.046875,-0.09375,0.0625,0.046875,0.09375,-0.0625,0.046875,-0.09375,-0.0625,-0.046875,0.09375,-0.0625,-0.046875,-0.09375,-0.0625,0,-0.1875,0.1875,0,0.1875,0.1875,0,0.1875,-0.0625,0,-0.1875,-0.0625,0,0.1875,-0.0625,0,0.1875,-0.0625,0,0.1875,0.1875,0,-0.1875,0.1875,0,-0.1875,0.1875,0,-0.1875,-0.0625,0,0.1875,0.1875,0,0.1875,0.1875,0,-0.1875,0.1875,0,-0.1875,-0.0625,0.0625,0.203125,0.3125,0.0625,-0.015625,0.3125,0.0625,0.203125,0.1875,0.0625,-0.015625,0.1875,-0.0625,0.203125,0.1875,-0.0625,-0.015625,0.1875,-0.0625,0.203125,0.3125,-0.0625,-0.015625,0.3125,-0.0625,0.203125,0.1875,-0.0625,0.203125,0.3125,0.0625,0.203125,0.1875,0.0625,0.203125,0.3125,-0.0625,-0.015625,0.3125,-0.0625,-0.015625,0.1875,0.0625,-0.015625,0.3125,0.0625,-0.015625,0.1875,-0.0625,0.203125,0.3125,-0.0625,-0.015625,0.3125,0.0625,0.203125,0.3125,0.0625,-0.015625,0.3125,0.0625,0.203125,0.1875,0.0625,-0.015625,0.1875,-0.0625,0.203125,0.1875,-0.0625,-0.015625,0.1875],"indices":[0,1,2,1,3,2,4,5,6,5,7,6,8,9,10,9,11,10,12,13,14,13,15,14,16,17,18,17,19,18,20,21,22,21,23,22,24,25,26,24,26,25,27,28,29,27,29,28,30,31,32,30,32,33,34,35,36,34,36,35,28,37,38,28,38,37,39,40,40,39,40,41,42,43,43,42,43,44,45,46,47,45,47,48,49,50,50,49,50,51,52,42,42,52,42,53,54,55,56,54,56,57,58,59,60,58,60,60,61,62,63,61,63,63,64,65,66,64,66,66,58,59,67,58,67,67,68,69,70,68,70,71,72,73,74,72,74,74,75,76,77,75,77,77,78,79,80,78,80,80,72,73,81,72,81,81,82,83,84,83,85,84,86,87,88,87,89,88,90,91,92,91,93,92,94,95,96,95,97,96,98,99,100,99,101,100,102,103,104,103,105,104,106,107,108,106,108,109,110,111,112,110,112,112,113,114,115,113,115,115,116,117,118,116,118,118,110,111,119,110,119,119,120,121,122,121,123,122,124,125,126,125,127,126,128,129,130,129,131,130,132,133,134,133,135,134,136,137,138,137,139,138,140,141,142,141,143,142]},"optimizedModelData":{"":{"meshCount":7},"-named-nodes":{"meshCount":8},"-no-animations":{"meshCount":1}}}