{"schemaVersion":4,"source":{"uri":"models/environment/Tropical/driftwood.gltf","sha256":"72e06412af9218d5400d6f75922ffe3d95522034555ad3ed53c6ec3143cc8440"},"animationNames":[],"boundingBox":{"min":{"x":-2.0183892896287463,"y":0,"z":-0.3977916019409117},"max":{"x":1.625,"y":1.051882938682637,"z":0.3365753528346812}},"nodeNames":["cube","cube","cube","cube","cube","cube","cube","cube","cube","cube","bone3","bone2","bone","root",""],"trimesh":{"vertices":[1.8216946125030518,-0.15094147622585297,0.21810811758041382,1.8216946125030518,-0.5259414911270142,0.21810811758041382,1.8216946125030518,-0.15094147622585297,-0.15689188241958618,1.8216946125030518,-0.5259414911270142,-0.15689188241958618,-0.8658053278923035,-0.15094147622585297,-0.15689188241958618,-0.8658053278923035,-0.5259414911270142,-0.15689188241958618,-0.8658053278923035,-0.15094147622585297,0.21810811758041382,-0.8658053278923035,-0.5259414911270142,0.21810811758041382,-0.8658053278923035,-0.15094147622585297,-0.15689188241958618,-0.8658053278923035,-0.15094147622585297,0.21810811758041382,1.8216946125030518,-0.15094147622585297,-0.15689188241958618,1.8216946125030518,-0.15094147622585297,0.21810811758041382,-0.8658053278923035,-0.5259414911270142,0.21810811758041382,-0.8658053278923035,-0.5259414911270142,-0.15689188241958618,1.8216946125030518,-0.5259414911270142,0.21810811758041382,1.8216946125030518,-0.5259414911270142,-0.15689188241958618,-0.8658053278923035,-0.15094147622585297,0.21810811758041382,-0.8658053278923035,-0.5259414911270142,0.21810811758041382,1.8216946125030518,-0.15094147622585297,0.21810811758041382,1.8216946125030518,-0.5259414911270142,0.21810811758041382,1.8216946125030518,-0.15094147622585297,-0.15689188241958618,1.8216946125030518,-0.5259414911270142,-0.15689188241958618,-0.8658053278923035,-0.15094147622585297,-0.15689188241958618,-0.8658053278923035,-0.5259414911270142,-0.15689188241958618,0.6029446721076965,-0.15588803589344025,0.1519240438938141,0.6029446721076965,-0.15588803589344025,0.1519240438938141,0.22794464230537415,-0.15588803589344025,0.1519240438938141,0.6029446721076965,0.3637941777706146,0.36718347668647766,0.6029446721076965,0.3637941777706146,0.36718347668647766,0.22794464230537415,0.3637941777706146,0.36718347668647766,0.6029446721076965,-0.15588803589344025,0.1519240438938141,0.22794464230537415,-0.15588803589344025,0.1519240438938141,0.22794464230537415,0.3637941777706146,0.36718347668647766,0.22794464230537415,-0.15588803589344025,0.1519240438938141,0.22794464230537415,0.3637941777706146,0.36718347668647766,0.6029446721076965,0.3637941777706146,0.36718347668647766,0.6029446721076965,-0.15588803589344025,0.1519240438938141,0.22794464230537415,-0.15588803589344025,0.1519240438938141,1.537337303161621,0.23374749720096588,0.3044154644012451,1.537337303161621,0.23374749720096588,0.3044154644012451,1.5983052253723145,-0.09963516145944595,0.14390403032302856,0.9825840592384338,0.14388097822666168,0.2803533673286438,0.9825840592384338,0.14388097822666168,0.2803533673286438,1.0435519218444824,-0.18950165808200836,0.11984194070100784,1.537337303161621,0.23374749720096588,0.3044154644012451,1.5983052253723145,-0.09963516145944595,0.14390403032302856,1.0435519218444824,-0.18950165808200836,0.11984194070100784,1.5983052253723145,-0.09963516145944595,0.14390403032302856,1.0435519218444824,-0.18950165808200836,0.11984194070100784,0.9825840592384338,0.14388097822666168,0.2803533673286438,1.537337303161621,0.23374749720096588,0.3044154644012451,1.5983052253723145,-0.09963516145944595,0.14390403032302856,1.0474075078964233,0.2780214846134186,-0.1866024136543274,1.0474075078964233,0.2780214846134186,-0.1866024136543274,1.2592310905456543,-0.024493612349033356,-0.12148411571979523,0.6890286803245544,0.027081631124019623,-0.18660250306129456,0.6890286803245544,0.027081631124019623,-0.18660250306129456,0.9008522629737854,-0.2754334807395935,-0.12148421257734299,1.0474075078964233,0.2780214846134186,-0.1866024136543274,1.2592310905456543,-0.024493612349033356,-0.12148411571979523,0.9008522629737854,-0.2754334807395935,-0.12148421257734299,1.2592310905456543,-0.024493612349033356,-0.12148411571979523,0.9008522629737854,-0.2754334807395935,-0.12148421257734299,0.6890286803245544,0.027081631124019623,-0.18660250306129456,1.0474075078964233,0.2780214846134186,-0.1866024136543274,1.2592310905456543,-0.024493612349033356,-0.12148411571979523,0.08101117610931396,0.1550779491662979,-0.36718347668647766,0.08101117610931396,0.1550779491662979,-0.36718347668647766,0.30734363198280334,-0.09870050102472305,-0.20908503234386444,-0.3156655728816986,-0.1261332482099533,-0.2507023811340332,-0.3156655728816986,-0.1261332482099533,-0.2507023811340332,-0.08933311700820923,-0.3799116909503937,-0.09260392934083939,0.08101117610931396,0.1550779491662979,-0.36718347668647766,0.30734363198280334,-0.09870050102472305,-0.20908503234386444,-0.08933311700820923,-0.3799116909503937,-0.09260392934083939,0.30734363198280334,-0.09870050102472305,-0.20908503234386444,-0.08933311700820923,-0.3799116909503937,-0.09260392934083939,-0.3156655728816986,-0.1261332482099533,-0.2507023811340332,0.08101117610931396,0.1550779491662979,-0.36718347668647766,0.30734363198280334,-0.09870050102472305,-0.20908503234386444,-0.24080535769462585,0.1953503042459488,0.2838818430900574,-0.24080535769462585,0.1953503042459488,0.2838818430900574,-0.24080535769462585,-0.15110449492931366,0.1403755396604538,-0.8033053278923035,0.1953503042459488,0.2838818430900574,-0.8033053278923035,0.1953503042459488,0.2838818430900574,-0.8033053278923035,-0.15110449492931366,0.1403755396604538,-0.24080535769462585,0.1953503042459488,0.2838818430900574,-0.24080535769462585,-0.15110449492931366,0.1403755396604538,-0.8033053278923035,-0.15110449492931366,0.1403755396604538,-0.24080535769462585,-0.15110449492931366,0.1403755396604538,-0.8033053278923035,-0.15110449492931366,0.1403755396604538,-0.8033053278923035,0.1953503042459488,0.2838818430900574,-0.24080535769462585,0.1953503042459488,0.2838818430900574,-0.24080535769462585,-0.15110449492931366,0.1403755396604538,-0.7794715166091919,-0.15740551054477692,0.15560811758041382,-0.8441762924194336,-0.39888694882392883,0.15560811758041382,-0.7794715166091919,-0.15740551054477692,-0.09439187496900558,-0.8441762924194336,-0.39888694882392883,-0.09439187496900558,-1.262434482574463,-0.02799598127603531,-0.09439187496900558,-1.327139139175415,-0.2694774270057678,-0.09439187496900558,-1.262434482574463,-0.02799598127603531,0.15560811758041382,-1.327139139175415,-0.2694774270057678,0.15560811758041382,-1.262434482574463,-0.02799598127603531,-0.09439187496900558,-1.262434482574463,-0.02799598127603531,0.15560811758041382,-0.7794715166091919,-0.15740551054477692,-0.09439187496900558,-0.7794715166091919,-0.15740551054477692,0.15560811758041382,-1.327139139175415,-0.2694774270057678,0.15560811758041382,-1.327139139175415,-0.2694774270057678,-0.09439187496900558,-0.8441762924194336,-0.39888694882392883,0.15560811758041382,-0.8441762924194336,-0.39888694882392883,-0.09439187496900558,-1.262434482574463,-0.02799598127603531,0.15560811758041382,-1.327139139175415,-0.2694774270057678,0.15560811758041382,-0.7794715166091919,-0.15740551054477692,0.15560811758041382,-0.8441762924194336,-0.39888694882392883,0.15560811758041382,-0.7794715166091919,-0.15740551054477692,-0.09439187496900558,-0.8441762924194336,-0.39888694882392883,-0.09439187496900558,-1.262434482574463,-0.02799598127603531,-0.09439187496900558,-1.327139139175415,-0.2694774270057678,-0.09439187496900558,-0.6898024082183838,0.1772441416978836,-0.23789817094802856,-0.6898024082183838,0.1772441416978836,-0.23789817094802856,-0.7794715166091919,-0.15740551054477692,-0.09439187496900558,-1.1727653741836548,0.3066537082195282,-0.23789817094802856,-1.1727653741836548,0.3066537082195282,-0.23789817094802856,-1.262434482574463,-0.02799598127603531,-0.09439187496900558,-0.6898024082183838,0.1772441416978836,-0.23789817094802856,-0.7794715166091919,