{"schemaVersion":4,"source":{"uri":"models/Eggs/CrystalEgg.gltf","sha256":"6e47f8411b4136a6f6ab9be2b70da367a0c3c91e6fa7690c29cfcf351ca29411"},"animationNames":[],"boundingBox":{"min":{"x":-0.375,"y":0,"z":-0.375},"max":{"x":0.375,"y":0.875,"z":0.375}},"nodeNames":["cube","cube","cube","group"],"trimesh":{"vertices":[0.28125,0.4375,-0.28125,0.3125,0.4375,0,0.3125,0.1875,0,0.3125,0.1875,-0.3125,-0.3125,0.1875,-0.3125,-0.3125,0.1875,0,-0.3125,0.4375,0,-0.28125,0.4375,-0.28125,-0.28125,0.4375,-0.28125,-0.3125,0.4375,0,0,0.4375,0,0,0.4375,-0.3125,0,0.1875,-0.3125,0,0.1875,0,-0.3125,0.1875,0,-0.3125,0.1875,-0.3125,-0.3125,0.1875,0.3125,0,0.1875,0.3125,0,0.4375,0.3125,-0.28125,0.4375,0.28125,-0.28125,0.4375,-0.28125,0,0.4375,-0.3125,0,0.1875,-0.3125,-0.3125,0.1875,-0.3125,0.3125,0.4375,0,0.28125,0.4375,-0.28125,0.28125,0.4375,0.28125,0,0.4375,0.3125,0,0.1875,0.3125,0.3125,0.1875,0.3125,0.3125,0.1875,-0.3125,0.3125,0.1875,0,0.3125,0.1875,-0.3125,0,0.1875,-0.3125,0,0.4375,-0.3125,0.28125,0.4375,-0.28125,-0.28125,0.4375,0.28125,-0.3125,0.4375,0,-0.3125,0.1875,0,-0.3125,0.1875,0.3125,-0.3125,0.1875,0.3125,0,0.1875,0.3125,0.3125,0.1875,0.3125,0.3125,0.1875,0.3125,0.3125,0.1875,0,0.3125,0.4375,0,0.28125,0.4375,0.28125,0.28125,0.4375,0.28125,0,0.4375,0.3125,-0.28125,0.4375,0.28125,0.359375,-0.3125,-0.359375,0.375,-0.0625,-0.375,0.375,-0.0625,0.375,0.359375,-0.3125,0.359375,-0.359375,-0.3125,0.359375,-0.375,-0.0625,0.375,-0.375,-0.0625,-0.375,-0.359375,-0.3125,-0.359375,0.34375,0.1875,0.34375,0.34375,0.1875,-0.34375,-0.34375,0.1875,-0.34375,-0.34375,0.1875,0.34375,0.359375,-0.3125,-0.359375,0.359375,-0.3125,0.359375,-0.359375,-0.3125,0.359375,-0.359375,-0.3125,-0.359375,0.359375,-0.3125,0.359375,0.375,-0.0625,0.375,-0.375,-0.0625,0.375,-0.359375,-0.3125,0.359375,-0.359375,-0.3125,-0.359375,-0.375,-0.0625,-0.375,0.375,-0.0625,-0.375,0.359375,-0.3125,-0.359375,-0.34375,0.1875,-0.34375,-0.375,-0.0625,-0.375,-0.375,-0.0625,0.375,-0.34375,0.1875,0.34375,-0.34375,0.1875,0.34375,-0.375,-0.0625,0.375,0.375,-0.0625,0.375,0.34375,0.1875,0.34375,0.34375,0.1875,0.34375,0.375,-0.0625,0.375,0.375,-0.0625,-0.375,0.34375,0.1875,-0.34375,0.34375,0.1875,-0.34375,0.375,-0.0625,-0.375,-0.375,-0.0625,-0.375,-0.34375,0.1875,-0.34375,0.3125,-0.4375,-0.3125,0.34375,-0.3125,-0.34375,0.34375,-0.3125,0.34375,0.3125,-0.4375,0.3125,-0.3125,-0.4375,0.3125,-0.34375,-0.3125,0.34375,-0.34375,-0.3125,-0.34375,-0.3125,-0.4375,-0.3125,0.34375,-0.3125,0.34375,0.34375,-0.3125,-0.34375,-0.34375,-0.3125,-0.34375,-0.34375,-0.3125,0.34375,0.3125,-0.4375,-0.3125,0.3125,-0.4375,0.3125,-0.3125,-0.4375,0.3125,-0.3125,-0.4375,-0.3125,0.3125,-0.4375,0.3125,0.34375,-0.3125,0.34375,-0.34375,-0.3125,0.34375,-0.3125,-0.4375,0.3125,-0.3125,-0.4375,-0.3125,-0.34375,-0.3125,-0.34375,0.34375,-0.3125,-0.34375,0.3125,-0.4375,-0.3125],"indices":[0,1,2,0,2,3,4,5,6,4,6,7,8,9,10,8,10,11,12,13,14,12,14,15,16,17,18,16,18,19,20,21,22,20,22,23,11,10,24,11,24,25,26,27,28,26,28,29,30,31,13,30,13,12,32,33,34,32,34,35,36,37,38,36,38,39,40,14,13,40,13,41,41,13,31,41,31,42,43,44,45,43,45,46,47,24,10,47,10,48,48,10,9,48,9,49,50,51,52,50,52,53,54,55,56,54,56,57,58,59,60,58,60,61,62,63,64,62,64,65,66,67,68,66,68,69,70,71,72,70,72,73,74,75,76,74,76,77,78,79,80,78,80,81,82,83,84,82,84,85,86,87,88,86,88,89,90,91,92,90,92,93,94,95,96,94,96,97,98,99,100,98,100,101,102,103,104,102,104,105,106,107,108,106,108,109,110,111,112,110,112,113]},"optimizedModelData":{"":{"meshCount":1},"-named-nodes":{"meshCount":3},"-no-animations":{"meshCount":1}}}