{"schemaVersion":4,"source":{"uri":"models/Pets/AnglerFish/anglerfish.gltf","sha256":"b4f7f318160d1b620f59e7b1db79c591cf9803e52fff4e87d39c1fa477162a30"},"animationNames":["idle","walk"],"boundingBox":{"min":{"x":-0.3306681888486772,"y":-0.05556796090955641,"z":-0.625},"max":{"x":0.3306681888486772,"y":0.75,"z":0.5}},"nodeNames":["cube","cube","cube","cube","cube","top_fin","cube","cube","tail","cube","cube","head","cube","fin2","cube","fin","anglerfish"],"trimesh":{"vertices":[0.1875,0.3125,0.3125,0.1875,0.0625,0.3125,0.1875,0.3125,-0.125,0.1875,0.0625,-0.125,-0.1875,0.3125,-0.125,-0.1875,0.0625,-0.125,-0.1875,0.3125,0.3125,-0.1875,0.0625,0.3125,-0.1875,0.3125,-0.125,-0.1875,0.3125,0.3125,0.1875,0.3125,-0.125,0.1875,0.3125,0.3125,-0.1875,0.0625,0.3125,-0.1875,0.0625,-0.125,0.1875,0.0625,0.3125,0.1875,0.0625,-0.125,-0.1875,0.3125,0.3125,-0.1875,0.0625,0.3125,0.1875,0.3125,0.3125,0.1875,0.0625,0.3125,0.1875,0.3125,-0.125,0.1875,0.0625,-0.125,-0.1875,0.3125,-0.125,-0.1875,0.0625,-0.125,0.0625,0.375,-0.3125,0.0625,0.25,-0.3125,0.0625,0.375,-0.4375,0.0625,0.25,-0.4375,-0.0625,0.375,-0.4375,-0.0625,0.25,-0.4375,-0.0625,0.375,-0.3125,-0.0625,0.25,-0.3125,-0.0625,0.375,-0.4375,-0.0625,0.375,-0.3125,0.0625,0.375,-0.4375,0.0625,0.375,-0.3125,-0.0625,0.25,-0.3125,-0.0625,0.25,-0.4375,0.0625,0.25,-0.3125,0.0625,0.25,-0.4375,-0.0625,0.375,-0.3125,-0.0625,0.25,-0.3125,0.0625,0.375,-0.3125,0.0625,0.25,-0.3125,0.0625,0.375,-0.4375,0.0625,0.25,-0.4375,-0.0625,0.375,-0.4375,-0.0625,0.25,-0.4375,0.1875,0.0625,0.3125,0.1875,-0.0625,0.3125,0.1875,0.0625,-0.125,0.1875,-0.0625,-0.125,-0.1875,0.0625,-0.125,-0.1875,-0.0625,-0.125,-0.1875,0.0625,0.3125,-0.1875,-0.0625,0.3125,-0.1875,0.0625,-0.125,-0.1875,0.0625,0.3125,0.1875,0.0625,-0.125,0.1875,0.0625,0.3125,-0.1875,-0.0625,0.3125,-0.1875,-0.0625,-0.125,0.1875,-0.0625,0.3125,0.1875,-0.0625,-0.125,-0.1875,0.0625,0.3125,-0.1875,-0.0625,0.3125,0.1875,0.0625,0.3125,0.1875,-0.0625,0.3125,0.1875,0.0625,-0.125,0.1875,-0.0625,-0.125,-0.1875,0.0625,-0.125,-0.1875,-0.0625,-0.125,0,0.3125,0,0,0.625,0,0,0.625,-0.375,0,0.3125,-0.375,0,0.625,-0.375,0,0.625,-0.375,0,0.625,0,0,0.3125,0,0,0.3125,0,0,0.3125,-0.375,0,0.625,0,0,0.625,0,0,0.3125,0,0,0.625,-0.375,0,0.625,-0.375,0,0.3125,-0.375,0,-0.09375,0.21875,0,0.09375,0.21875,0,0.09375,-0.09375,0,-0.09375,-0.09375,0,0.09375,-0.09375,0,0.09375,-0.09375,0,0.09375,0.21875,0,-0.09375,0.21875,0,-0.09375,0.21875,0,-0.09375,-0.09375,0,0.09375,0.21875,0,0.09375,0.21875,0,-0.09375,0.21875,0,-0.09375,-0.09375,0,-0.15625,0.1875,0,0.15625,0.1875,0,0.15625,-0.125,0,-0.15625,-0.125,0,0.15625,-0.125,0,0.15625,-0.125,0,0.15625,0.1875,0,-0.15625,0.1875,0,-0.15625,0.1875,0,-0.15625,-0.125,0,0.15625,0.1875,0,0.15625,0.1875,0,-0.15625,0.1875,0,-0.15625,-0.125,0.046875,0.125,-0.0625,0.046875,-0.125,-0.0625,0.046875,0.125,-0.1875,0.046875,-0.125,-0.1875,-0.046875,0.125,-0.1875,-0.046875,-0.125,-0.1875,-0.046875,0.125,-0.0625,-0.046875,-0.125,-0.0625,-0.046875,0.125,-0.1875,-0.046875,0.125,-0.0625,0.046875,0.125,-0.1875,0.046875,0.125,-0.0625,-0.046875,-0.125,-0.0625,-0.046875,-0.125,-0.1875,0.046875,-0.125,-0.0625,0.046875,-0.125,-0.1875,-0.046875,0.125,-0.0625,-0.046875,-0.125,-0.0625,0.046875,0.125,-0.0625,0.046875,-0.125,-0.0625,0.046875,0.125,-0.1875,0.046875,-0.125,-0.1875,-0.046875,0.125,-0.1875,-0.046875,-0.125,-0.1875,0.22968749701976776,0.14634375274181366,0.590624988079071,0.22968749701976776,-0.01771874912083149,0.590624988079071,0.22968749701976776,0.14634375274181366,0.13124999403953552,0.22968749701976776,-0.01771874912083149,0.13124999403953552,-0.22968749701976776,0.14634375274181366,0.13124999403953552,-0.22968749701976776,-0.01771874912083149,0.13124999403953552,-0.22968749701976776,0.14634375274181366,0.590624988079071,-0.22968749701976776,-0.01771874912083149,0.590624988079071,-0.22968749701976776,0.14634375274181366,0.13124999403953552,-0.22968749701976776,0.14634375274181366,0.590624988079071,0.22968749701976776,0.14634375274181366,0.13124999403953552,0.22968749701976776,0.14634375274181366,0.590624988079071,-0.22968749701976776,-0.01771874912083149,0.590624988079071,-0.22968749701976776,-0.01771874912083149,0.13124999403953552,0.22968749701976776,-0.01771874912083149,0.590624988079071,0.22968749701976776,-0.01771874912083149,0.13124999403953552,-0.22968749701976776,0.14634375274181366,0.590624988079071,-0.22968749701976776,-0.01771874912083149,0.590624988079071,0.22968749701976776,0.14634375274181366,0.590624988079071,0.22968749701976776,-0.01771874912083149,0.590624988079071,0.22968749701976776,0.14634375274181366,0.13124999403953552,0.22968749701976776,-0.01771874912083149,0.13124999403953552,-0.22968749701976776,0.14634375274181366,0.13124999403953552,-0.22968749701976776,-0.01771874912083149,0.13124999403953552,0.22968749701976776,0.2775937616825104,0.590624988079071,0.22968749701976776,0.14634375274181366,0.590624988079071,0.22968749701976776,0.2775937616825104,0.13124999403953552,0.22968749701976776,0.14634375274181366,0.13124999403953552,-0.22968749701976776,0.2775937616825104,0.13124999403953552,-0.22968749701976776,0.14634375274181366,0.13124999403953552,-0.22968749701976776,0.2775937616825104,0.590624988079071,-0.22968749701976776,0.14634375274181366,0.590624988079071,-0.22968749701976776,0.2775937616825104,0.13124999403953552,-0.22968749701976776,0.2775937616825104,0.590624988079071,0.22968749701976776,0.2775937616825104,0.13124999403953552,0.22968749701976776,0.2775937616825104,0.590624988079071,-0.22968749701976776,0.14634375274181366,0.590624988079071,-0.22968749701976776,0.14634375274181366,0.13124999403953552,0.22968749701976776,0.14634375274181366,0.590624988079071,0.22968749701976776,0.14634375274181366,0.13124999403953552,-0.22968749701976776,0.2775937616825104,0.590624988079071,-0.22968749701976776,0.14634375274181366,0.590624988079071,0.22968749701976776,0.2775937616825104,0.590624988079071,0.22968749701976776,0.14634375274181366,0.590624988079071,0.22968749701976776,0.2775937616825104,0.13124999403953552,0.22968749701976776,0.14634375274181366,0.13124999403953552,-0.22968749701976776,0.2775937616825104,0.13124999403953552,-0.22968749701976776,0.14634375274181366,0.13124999403953552,-0.09375,0.125,0.375,-0.09375,0.125,0.0625,-0.09375,0.125,0.375,0.15625,0.125,0.0625,0.15625,0.125,0.375,0.15625,0.125,0.0625,0.15625,0.125,0.0625,-0.09375,0.125,0.0625,-0.09375,0.125,0.375,0.15625,0.125,0.375,0.15625,0.125,0.375,-0.09375,0.125,0.375,0.15625,0.125,0.375,-0.09375,0.125,0.0625,-0.09375,0.125,0.0625,0.09375,0.125,0.0625,0.09375,0.125,0.375,0.09375,0.125,0.0625,-0.15625,0.125,0.375,-0.15625,0.125,0.0625,-0.15625,0.125,0.375,0.09375,0.125,0.375,0.09375,0.125,0.0625,-0.15625,0.125,0.0625,-0.15625,0.125,0.375,0.09375,0.125,0.375,-0.15625,0.125,0.375,0.09375,0.125,0.375,0.09375,0.125,0.0625,-0.15625,0.125,0.0625],