{"schemaVersion":4,"source":{"uri":"models/Pets/Wolf/wolf.gltf","sha256":"77dded99fe161b27b6459e017370131b4e7ddd158b35cf61a3c572cb9a5d030e"},"animationNames":["idle","idle2","walk","run"],"boundingBox":{"min":{"x":-0.25,"y":0,"z":-1.0625},"max":{"x":0.25,"y":1.1875,"z":1.1875}},"nodeNames":["cube","cube","cube","cube","leftEar","cube","rightEar","head","cube","leftArm","cube","rightArm","cube","cube","tail","body","cube","leftLeg","cube","rightLeg","root",""],"trimesh":{"vertices":[0.25,0.5,0.4375,0.25,0,0.4375,0.25,0.5,-0.4375,0.25,0,-0.4375,-0.25,0.5,-0.4375,-0.25,0,-0.4375,-0.25,0.5,0.4375,-0.25,0,0.4375,-0.25,0.5,-0.4375,-0.25,0.5,0.4375,0.25,0.5,-0.4375,0.25,0.5,0.4375,-0.25,0,0.4375,-0.25,0,-0.4375,0.25,0,0.4375,0.25,0,-0.4375,-0.25,0.5,0.4375,-0.25,0,0.4375,0.25,0.5,0.4375,0.25,0,0.4375,0.25,0.5,-0.4375,0.25,0,-0.4375,-0.25,0.5,-0.4375,-0.25,0,-0.4375,0.1875,0.5,0.4375,0.1875,0.125,0.4375,0.1875,0.5,0.0625,0.1875,0.125,0.0625,-0.1875,0.5,0.0625,-0.1875,0.125,0.0625,-0.1875,0.5,0.4375,-0.1875,0.125,0.4375,-0.1875,0.5,0.0625,-0.1875,0.5,0.4375,0.1875,0.5,0.0625,0.1875,0.5,0.4375,-0.1875,0.125,0.4375,-0.1875,0.125,0.0625,0.1875,0.125,0.4375,0.1875,0.125,0.0625,-0.1875,0.5,0.4375,-0.1875,0.125,0.4375,0.1875,0.5,0.4375,0.1875,0.125,0.4375,0.1875,0.5,0.0625,0.1875,0.125,0.0625,-0.1875,0.5,0.0625,-0.1875,0.125,0.0625,0.09375,0.3125,0.0625,0.09375,0.125,0.0625,0.09375,0.3125,-0.1875,0.09375,0.125,-0.1875,-0.09375,0.3125,-0.1875,-0.09375,0.125,-0.1875,-0.09375,0.3125,0.0625,-0.09375,0.125,0.0625,-0.09375,0.3125,-0.1875,-0.09375,0.3125,0.0625,0.09375,0.3125,-0.1875,0.09375,0.3125,0.0625,-0.09375,0.125,0.0625,-0.09375,0.125,-0.1875,0.09375,0.125,0.0625,0.09375,0.125,-0.1875,-0.09375,0.3125,0.0625,-0.09375,0.125,0.0625,0.09375,0.3125,0.0625,0.09375,0.125,0.0625,0.09375,0.3125,-0.1875,0.09375,0.125,-0.1875,-0.09375,0.3125,-0.1875,-0.09375,0.125,-0.1875,-0.0625,0.3125,0.3125,-0.0625,0.1875,0.3125,-0.0625,0.3125,0.25,-0.0625,0.1875,0.25,-0.1875,0.3125,0.25,-0.1875,0.1875,0.25,-0.1875,0.3125,0.3125,-0.1875,0.1875,0.3125,-0.1875,0.3125,0.25,-0.1875,0.3125,0.3125,-0.0625,0.3125,0.25,-0.0625,0.3125,0.3125,-0.1875,0.1875,0.3125,-0.1875,0.1875,0.25,-0.0625,0.1875,0.3125,-0.0625,0.1875,0.25,-0.1875,0.3125,0.3125,-0.1875,0.1875,0.3125,-0.0625,0.3125,0.3125,-0.0625,0.1875,0.3125,-0.0625,0.3125,0.25,-0.0625,0.1875,0.25,-0.1875,0.3125,0.25,-0.1875,0.1875,0.25,0.1875,0.3125,0.3125,0.1875,0.1875,0.3125,0.1875,0.3125,0.25,0.1875,0.1875,0.25,0.0625,0.3125,0.25,0.0625,0.1875,0.25,0.0625,0.3125,0.3125,0.0625,0.1875,0.3125,0.0625,0.3125,0.25,0.0625,0.3125,0.3125,0.1875,0.3125,0.25,0.1875,0.3125,0.3125,0.0625,0.1875,0.3125,0.0625,0.1875,0.25,0.1875,0.1875,0.3125,0.1875,0.1875,0.25,0.0625,0.3125,0.3125,0.0625,0.1875,0.3125,0.1875,0.3125,0.3125,0.1875,0.1875,0.3125,0.1875,0.3125,0.25,0.1875,0.1875,0.25,0.0625,0.3125,0.25,0.0625,0.1875,0.25,0.0625,0.375,0.0625,0.0625,-0.125,0.0625,0.0625,0.375,-0.125,0.0625,-0.125,-0.125,-0.125,0.375,-0.125,-0.125,-0.125,-0.125,-0.125,0.375,0.0625,-0.125,-0.125,0.0625,-0.125,0.375,-0.125,-0.125,0.375,0.0625,0.0625,0.375,-0.125,0.0625,0.375,0.0625,-0.125,-0.125,0.0625,-0.125,-0.125,-0.125,0.0625,-0.125,0.0625,0.0625,-0.125,-0.125,-0.125,0.375,0.0625,-0.125,-0.125,0.0625,0.0625,0.375,0.0625,0.0625,-0.125,0.0625,0.0625,0.375,-0.125,0.0625,-0.125,-0.125,-0.125,0.375,-0.125,-0.125,-0.125,-0.125,0.125,0.375,0.0625,0.125,-0.125,0.0625,0.125,0.375,-0.125,0.125,-0.125,-0.125,-0.0625,0.375,-0.125,-0.0625,-0.125,-0.125,-0.0625,0.375,0.0625,-0.0625,-0.125,0.0625,-0.0625,0.375,-0.125,-0.0625,0.375,0.0625,0.125,0.375,-0.125,0.125,0.375,0.0625,-0.0625,-0.125,0.0625,-0.0625,-0.125,-0.125,0.125,-0.125,0.0625,0.125,-0.125,-0.125,-0.0625,0.375,0.0625,-0.0625,-0.125,0.0625,0.125,0.375,0.0625,0.125,-0.125,0.0625,0.125,0.375,-0.125,0.125,-0.125,-0.125,-0.0625,0.375,-0.125,-0.0625,-0.125,-0.125,0.15625,0.5,0.0625,0.15625,0.1875,0.0625,0.15625,0.5,-0.4375,0.15625,0.1875,-0.4375,-0.15625,0.5,-0.4375,-0.15625,0.1875,-0.4375,-0.15625,0.5,0.0625,-0.15625,0.1875,0.0625,-0.15625,0.5,-0.4375,-0.15625,0.5,0.0625,0.15625,0.5,-0.4375,0.15625,0.5,0.0625,-0.15625,0.1875,0.0625,-0.15625,0.1875,-0.4375,0.15625,0.1875,0.0625,0.15625,0.1875,-0.4375,-0.15625,0.5,0.0625,-0.15625,0.1875,0.0625,0.15625,0.5,0.0625,0.15625,0.1875,0.0625,0.15625,0.5,-0.4375,0.15625,0.1875,-0.4375,-0.15625,0.5,-0.4375,-0.15625,0.1875,-0.4375,0.15625,0.5,0.3125,0.15625,0.1875,0.3125,-0.15625,0.5,0.3125,-0.15625,0.1875,0.3125,-0.15625,0.5,0.3125,0.15625,0.5,0.3125,-0.15625,0.1875,0.3125,0.15625,0.1875,0.3125,-0.15625,0.5,0.3125,-0.15625,0.1875,0.3125,0.15625,0.5,0.3125,0.15625,0.1875,0.3125,0.15625,0.5,0.0625,0.15625,0.1875,0.0625,-0.15625,0.5,0.0625,-0.15625,0.1875,0.0625,0.0625,0.375,0.0625,0.0625,-0.125,0.0625,0.0625,0.375,-0.125,0.0625,-0.125,-0.125,-0.125,0.375,-0.125,-0.125,-0.125,-0.125,-0.125,0.375,0.0625,-0.125,-0.125,0.0625,-0.125,0.375,-0.125,-0.125,0.375,0.0625,0.0625,0.375,-0.125,0.0625,0.375,0.0625,-0.125,-0.125,0.0625,-0.125,-0.125,-0.125,0.0625,-0.125,0.0625,0.0625,-0.125,-0.125,-0.125,0.375,0.0625,-0.125,-0.125,0.0625,0.0625,0.375,0.0625,0.0625,-0.125,0.0625,0.0625,0.375,-0.125,0.0625,-0.125,-0.125,-0.125,0.375,-0.125,-0.125,-0.125,-0.125,0.125,0.375,0.0625,0.125,-0.125,0.0625,0.125,0.375,-0.125,0.125,-0.125,-0.125,-0.0625,0.375,-0.125,-0.0625,-0.125,-0.125,-0.0625,0.375,0.0625,-0.0625,-0.125,0.0625,-0.0625,0.375,-0.125,-0.0625,0.375,0.0625,0.125,0.375,-0.125,0.125,0.375,0.0625,-0.0625,-0.125,0.0625,-0.0625,-0.125,-0.125,0.125,-0.125,0.0625,0.125,-0.125,-0.125,-0.0625,0.375,0.0625,-0.0625,-0.125,0.0625,0.125,0.375,0.0625,0.125,-0.125,0.0625,0.125,0.375,-0.125,0.125,-0.125,-0.125,-0.0625,0.375,-0.125,-0.0625,-0.125,-0.125],"indices":[0,1,2,1,3,2,4,5,6,5,7,6,8,9,10,9,11,10,12,13,14,13,15,14,16,17,18,17,19,18,20,21,22,21,23,22,24,25,26,25,27,26,28,29,30,29,31,30,32,33,34,33,35,34,36,37,38,37,39,38,40,41,42,41,43,42,44,45,46,45,47,46,48,49,50,49,51,50,52,53,54,53,55,54,56,57,58,57,59,58,60,61,62,61,63,62,64,65,66,65,67,66,68,69,70,69,71,70,72,73,74,73,75,74,76,77,78,77,79,78,80,81,82,81,83,82,84,85,86,85,87,86,88,89,90,89,91,90,92,93,94,93,95,94,96,97,98,97,99,98,100,101,102,101,103,102,104,105,106,105,107,106,108,109,110,109,111,110,112,113,114,113,115,114,116,117,118,117,119,118,120,121,122,121,123,122,124,125,126,125,127,126,128,129,130,129,131,130,132,133,134,133,135,134,136,137,138,137,139,138,140,141,142,141,143,142,144,145,146,145,147,146,148,149,150,149,151,150,152,153,154,153,155,154,156,157,158,157,159,158,160,161,162,161,163,162,164,165,166,165,167,166,168,169,170,169,171,170,172,173,174,173,175,174,176,177,178,177,179,178,180,181,182,181,183,182,184,185,186,185,187,186,188,189,190,189,191,190,192,193,168,193,169,168,174,175,194,175,195,194,177,196,179,196,197,179,198,180,199,180,182,199,200,201,202,201,203,202,204,205,206,205,207,206,208,209,210,209,211,210,212,213,214,213,215,214,216,217,218,217,219,218,220,221,222,221,223,222,224,225,226,225,227,226,228,229,230,229,231,230,232,233,234,233,235,234,236,237,238,237,239,238,240,241,242,241,243,242,244,245,246,245,247,246,248,249,250,249,251,250,252,253,254,253,255,254]},"optimizedModelData":{"":{"meshCount":9},"-named-nodes":{"meshCount":11},"-no-animations":{"meshCount":1}}}