{"schemaVersion":4,"source":{"uri":"models/environment/Tropical/coconut-pile.gltf","sha256":"7d008a4358ea7523db9561b6b051733cb883e92fda8e5ce20cfb8171ccc3a71c"},"animationNames":[],"boundingBox":{"min":{"x":-0.40625,"y":-2.7755575615628914e-17,"z":-0.40625},"max":{"x":0.40625,"y":0.3125,"z":0.375}},"nodeNames":["cube","cube","cube","cube","cube","cube","root",""],"trimesh":{"vertices":[0.40625,0.15625,0.203125,0.40625,-0.15625,0.203125,0.40625,0.15625,-0.109375,0.40625,-0.15625,-0.109375,0.09375,0.15625,-0.109375,0.09375,-0.15625,-0.109375,0.09375,0.15625,0.203125,0.09375,-0.15625,0.203125,0.09375,0.15625,-0.109375,0.09375,0.15625,0.203125,0.40625,0.15625,-0.109375,0.40625,0.15625,0.203125,0.09375,-0.15625,0.203125,0.09375,-0.15625,-0.109375,0.40625,-0.15625,0.203125,0.40625,-0.15625,-0.109375,0.09375,0.15625,0.203125,0.09375,-0.15625,0.203125,0.40625,0.15625,0.203125,0.40625,-0.15625,0.203125,0.40625,0.15625,-0.109375,0.40625,-0.15625,-0.109375,0.09375,0.15625,-0.109375,0.09375,-0.15625,-0.109375,-0.09375,-0.03125,-0.078125,-0.09375,-0.15625,-0.078125,-0.09375,-0.03125,-0.390625,-0.09375,-0.15625,-0.390625,-0.40625,-0.03125,-0.390625,-0.40625,-0.15625,-0.390625,-0.40625,-0.03125,-0.078125,-0.40625,-0.15625,-0.078125,-0.40625,-0.03125,-0.390625,-0.40625,-0.03125,-0.078125,-0.09375,-0.03125,-0.390625,-0.09375,-0.03125,-0.078125,-0.40625,-0.15625,-0.078125,-0.40625,-0.15625,-0.390625,-0.09375,-0.15625,-0.078125,-0.09375,-0.15625,-0.390625,-0.40625,-0.03125,-0.078125,-0.40625,-0.15625,-0.078125,-0.09375,-0.03125,-0.078125,-0.09375,-0.15625,-0.078125,-0.09375,-0.03125,-0.390625,-0.09375,-0.15625,-0.390625,-0.40625,-0.03125,-0.390625,-0.40625,-0.15625,-0.390625,-0.09375,-0.03125,-0.078125,-0.09375,0.03125,-0.078125,-0.09375,0.03125,-0.390625,-0.09375,-0.03125,-0.390625,-0.09375,0.03125,-0.390625,-0.09375,0.03125,-0.390625,-0.09375,0.03125,-0.078125,-0.09375,-0.03125,-0.078125,-0.09375,-0.03125,-0.078125,-0.09375,-0.03125,-0.390625,-0.09375,0.03125,-0.078125,-0.09375,0.03125,-0.078125,-0.09375,-0.03125,-0.078125,-0.09375,-0.03125,-0.390625,-0.40625,-0.03125,-0.078125,-0.40625,0.03125,-0.078125,-0.09375,0.03125,-0.078125,-0.09375,-0.03125,-0.078125,-0.09375,0.03125,-0.078125,-0.09375,0.03125,-0.078125,-0.40625,0.03125,-0.078125,-0.40625,-0.03125,-0.078125,-0.40625,-0.03125,-0.078125,-0.09375,-0.03125,-0.078125,-0.40625,0.03125,-0.078125,-0.40625,-0.03125,-0.078125,-0.40625,0.15625,0.390625,-0.09375,0.15625,0.390625,-0.40625,0.15625,0.078125,-0.09375,0.15625,0.078125,-0.40625,-0.15625,0.078125,-0.09375,-0.15625,0.078125,-0.40625,-0.15625,0.390625,-0.09375,-0.15625,0.390625,-0.40625,-0.15625,0.078125,-0.40625,-0.15625,0.390625,-0.40625,0.15625,0.078125,-0.40625,0.15625,0.390625,-0.09375,-0.15625,0.390625,-0.09375,-0.15625,0.078125,-0.09375,0.15625,0.390625,-0.09375,0.15625,0.078125,-0.40625,-0.15625,0.390625,-0.09375,-0.15625,0.390625,-0.40625,0.15625,0.390625,-0.09375,0.15625,0.390625,-0.40625,0.15625,0.078125,-0.09375,0.15625,0.078125,-0.40625,-0.15625,0.078125,-0.09375,-0.15625,0.078125,-0.40625,-0.03125,-0.390625,-0.40625,0.03125,-0.390625,-0.09375,0.03125,-0.390625,-0.09375,-0.03125,-0.390625,-0.09375,0.03125,-0.390625,-0.09375,0.03125,-0.390625,-0.40625,0.03125,-0.390625,-0.40625,-0.03125,-0.390625,-0.40625,-0.03125,-0.390625,-0.09375,-0.03125,-0.390625,-0.40625,0.03125,-0.390625,-0.40625,-0.03125,-0.390625],"indices":[0,1,2,1,3,2,4,5,6,5,7,6,8,9,10,9,11,10,12,13,14,13,15,14,16,17,18,17,19,18,20,21,22,21,23,22,24,25,26,25,27,26,28,29,30,29,31,30,32,33,34,33,35,34,36,37,38,37,39,38,40,41,42,41,43,42,44,45,46,45,47,46,48,49,50,48,50,51,52,53,54,52,54,54,55,56,57,55,57,57,58,59,60,58,60,60,52,53,61,52,61,61,62,63,64,62,64,65,66,67,68,66,68,68,69,70,71,69,71,71,68,72,73,68,73,73,58,59,60,58,60,60,74,75,76,75,77,76,78,79,80,79,81,80,82,83,84,83,85,84,86,87,88,87,89,88,90,91,92,91,93,92,94,95,96,95,97,96,98,99,100,98,100,101,102,103,104,102,104,104,105,106,107,105,107,107,104,108,109,104,109,109,52,53,61,52,61,61]},"optimizedModelData":{"":{"meshCount":1},"-named-nodes":{"meshCount":6},"-no-animations":{"meshCount":1}}}