{"schemaVersion":4,"source":{"uri":"models/Pets/Bee/bee-adult.gltf","sha256":"df0198c7459bdc6b95a031ea163152934f78bf27f350981344176c946c5f562e"},"animationNames":["fly","attack","idle"],"boundingBox":{"min":{"x":-0.5074327488937309,"y":0.03125,"z":-0.34375},"max":{"x":0.5074327488937309,"y":0.4055634784513262,"z":0.34375}},"nodeNames":["cube","cube","cube","cube","cube","left_wing","cube","right_wing","bee","root",""],"trimesh":{"vertices":[0.21875,0.65625,0.28125,0.21875,0.34375,0.28125,0.21875,0.65625,-0.15625,0.21875,0.34375,-0.15625,-0.09375,0.65625,-0.15625,-0.09375,0.34375,-0.15625,-0.09375,0.65625,0.28125,-0.09375,0.34375,0.28125,-0.09375,0.65625,-0.15625,-0.09375,0.65625,0.28125,0.21875,0.65625,-0.15625,0.21875,0.65625,0.28125,-0.09375,0.34375,0.28125,-0.09375,0.34375,-0.15625,0.21875,0.34375,0.28125,0.21875,0.34375,-0.15625,-0.09375,0.65625,0.28125,-0.09375,0.34375,0.28125,0.21875,0.65625,0.28125,0.21875,0.34375,0.28125,0.21875,0.65625,-0.15625,0.21875,0.34375,-0.15625,-0.09375,0.65625,-0.15625,-0.09375,0.34375,-0.15625,-0.03125,0.65625,-0.28125,-0.03125,0.65625,-0.28125,-0.03125,0.65625,-0.15625,-0.03125,0.59375,-0.15625,-0.03125,0.59375,-0.15625,-0.03125,0.59375,-0.28125,-0.03125,0.65625,-0.15625,-0.03125,0.65625,-0.15625,-0.03125,0.59375,-0.15625,-0.03125,0.59375,-0.28125,-0.03125,0.59375,-0.28125,-0.03125,0.65625,-0.28125,-0.03125,0.65625,-0.15625,-0.03125,0.59375,-0.15625,0.15625,0.65625,-0.28125,0.15625,0.65625,-0.28125,0.15625,0.65625,-0.15625,0.15625,0.59375,-0.15625,0.15625,0.59375,-0.15625,0.15625,0.59375,-0.28125,0.15625,0.65625,-0.15625,0.15625,0.65625,-0.15625,0.15625,0.59375,-0.15625,0.15625,0.59375,-0.28125,0.15625,0.65625,-0.15625,0.15625,0.65625,-0.28125,0.15625,0.59375,-0.28125,0.15625,0.59375,-0.15625,0.0625,0.46875,0.40625,0.0625,0.53125,0.40625,0.0625,0.53125,0.28125,0.0625,0.46875,0.28125,0.0625,0.53125,0.28125,0.0625,0.53125,0.28125,0.0625,0.53125,0.40625,0.0625,0.46875,0.40625,0.0625,0.46875,0.40625,0.0625,0.46875,0.28125,0.0625,0.53125,0.40625,0.0625,0.53125,0.40625,0.0625,0.46875,0.40625,0.0625,0.46875,0.28125,0.15625,0,-0.21875,0.15625,0,0.15625,0.15625,0,-0.21875,-0.21875,0,0.15625,-0.21875,0,-0.21875,-0.21875,0,0.15625,0.15625,0,0.15625,-0.21875,0,0.15625,0.15625,0,0.15625,0.15625,0,-0.21875,-0.21875,0,-0.21875,0.15625,0,0.15625,0.15625,0,-0.21875,-0.21875,0,-0.21875,-0.21875,0,0.15625,-0.15625,0,0.15625,-0.15625,0,-0.21875,-0.15625,0,0.15625,0.21875,0,-0.21875,0.21875,0,0.15625,0.21875,0,-0.21875,0.21875,0,0.15625,-0.15625,0,0.15625,0.21875,0,0.15625,-0.15625,0,-0.21875,-0.15625,0,-0.21875,0.21875,0,-0.21875,-0.15625,0,-0.21875,-0.15625,0,0.15625,0.21875,0,0.15625],"indices":[0,1,2,1,3,2,4,5,6,5,7,6,8,9,10,9,11,10,12,13,14,13,15,14,16,17,18,17,19,18,20,21,22,21,23,22,24,25,26,24,26,26,27,28,29,27,29,29,30,31,32,30,32,32,24,25,33,24,33,33,34,35,36,34,36,37,38,39,40,38,40,40,41,42,43,41,43,43,44,45,46,44,46,46,38,39,47,38,47,47,48,49,50,48,50,51,52,53,54,52,54,55,56,57,58,56,58,58,59,60,61,59,61,61,62,63,64,62,64,64,56,57,65,56,65,65,66,67,68,66,68,67,69,70,71,69,71,70,72,73,74,72,74,73,70,75,76,70,76,75,77,78,79,77,79,80,81,82,82,81,82,83,84,85,85,84,85,86,87,88,88,87,88,89,90,84,84,90,84,91,92,93,94,92,94,95]},"optimizedModelData":{"":{"meshCount":3},"-named-nodes":{"meshCount":6},"-no-animations":{"meshCount":1}}}