{"schemaVersion":4,"source":{"uri":"models/environment/Plains/grass-tall.gltf","sha256":"3e2f6e4a918a7d6c7a10eb93306984f3156e2967ebdd4a8a01c07668c699c311"},"animationNames":["idle"],"boundingBox":{"min":{"x":-0.35355339059327395,"y":0,"z":-0.35355339059327395},"max":{"x":0.3535533905932738,"y":2,"z":0.35355339059327406}},"nodeNames":["plane","bone","plane","bone2","TallGrass"],"trimesh":{"vertices":[0.5,0,0.5,0.5,0,-0.5,-0.5,0,-0.5,-0.5,0,0.5,0.5,-2.14492922388455e-16,1.5,0.5,-2.422485112389737e-16,0.5,-0.5,-2.700040868546026e-16,0.5,-0.5,-2.422485112389737e-16,1.5,0.5,0,0.5,0.5,0,-0.5,-0.5,0,-0.5,-0.5,0,0.5,0.5,-1.7129555233257596e-16,-0.5,0.5,-1.9905112794820488e-16,-1.5,-0.5,-1.4353997671694705e-16,-1.5,-0.5,-1.4353997671694705e-16,-0.5],"indices":[0,1,2,0,2,3,4,5,6,4,6,7,8,9,10,8,10,11,12,13,14,12,14,15]},"optimizedModelData":{"":{"meshCount":2},"-named-nodes":{"meshCount":2},"-no-animations":{"meshCount":1}}}