{"schemaVersion":4,"source":{"uri":"models/Pickaxes/PickaxeModelGolden/golden-pickaxe.gltf","sha256":"cfd277bcffd3a138a1cea65c6b603cec181bf39cacb629802b69a87c31eb55e8"},"animationNames":[],"boundingBox":{"min":{"x":-0.3662455094544388,"y":0.0007851958077213783,"z":-0.0625},"max":{"x":0.3662455094544388,"y":0.891735434560398,"z":0.0625}},"nodeNames":["cube","cube","cube","cube","cube","cube","cube","pickaxe"],"trimesh":{"vertices":[0.03125,0.4131146967411041,0.03125,0.03125,-0.3681353032588959,0.03125,0.03125,0.4131146967411041,-0.03125,0.03125,-0.3681353032588959,-0.03125,-0.03125,0.4131146967411041,-0.03125,-0.03125,-0.3681353032588959,-0.03125,-0.03125,0.4131146967411041,0.03125,-0.03125,-0.3681353032588959,0.03125,-0.03125,0.4131146967411041,-0.03125,-0.03125,0.4131146967411041,0.03125,0.03125,0.4131146967411041,-0.03125,0.03125,0.4131146967411041,0.03125,-0.03125,-0.3681353032588959,0.03125,-0.03125,-0.3681353032588959,-0.03125,0.03125,-0.3681353032588959,0.03125,0.03125,-0.3681353032588959,-0.03125,-0.03125,0.4131146967411041,0.03125,-0.03125,-0.3681353032588959,0.03125,0.03125,0.4131146967411041,0.03125,0.03125,-0.3681353032588959,0.03125,0.03125,0.4131146967411041,-0.03125,0.03125,-0.3681353032588959,-0.03125,-0.03125,0.4131146967411041,-0.03125,-0.03125,-0.3681353032588959,-0.03125,0,0.44547513127326965,0.0625,0.11048543453216553,0.3349896967411041,0.0625,0,0.44547513127326965,-0.0625,0.11048543453216553,0.3349896967411041,-0.0625,-0.11048543453216553,0.3349896967411041,-0.0625,0,0.2245042473077774,-0.0625,-0.11048543453216553,0.3349896967411041,0.0625,0,0.2245042473077774,0.0625,-0.11048543453216553,0.3349896967411041,-0.0625,-0.11048543453216553,0.3349896967411041,0.0625,0,0.44547513127326965,-0.0625,0,0.44547513127326965,0.0625,0,0.2245042473077774,0.0625,0,0.2245042473077774,-0.0625,0.11048543453216553,0.3349896967411041,0.0625,0.11048543453216553,0.3349896967411041,-0.0625,-0.11048543453216553,0.3349896967411041,0.0625,0,0.2245042473077774,0.0625,0,0.44547513127326965,0.0625,0.11048543453216553,0.3349896967411041,0.0625,0,0.44547513127326965,-0.0625,0.11048543453216553,0.3349896967411041,-0.0625,-0.11048543453216553,0.3349896967411041,-0.0625,0,0.2245042473077774,-0.0625,-0.04904216527938843,0.3935000002384186,0.0234375,-0.03476586565375328,0.28506073355674744,0.0234375,-0.04904216527938843,0.3935000002384186,-0.0234375,-0.03476586565375328,0.28506073355674744,-0.0234375,-0.23493808507919312,0.3690263330936432,-0.0234375,-0.22066177427768707,0.26058706641197205,-0.0234375,-0.23493808507919312,0.3690263330936432,0.0234375,-0.22066177427768707,0.26058706641197205,0.0234375,-0.23493808507919312,0.3690263330936432,-0.0234375,-0.23493808507919312,0.3690263330936432,0.0234375,-0.04904216527938843,0.3935000002384186,-0.0234375,-0.04904216527938843,0.3935000002384186,0.0234375,-0.22066177427768707,0.26058706641197205,0.0234375,-0.22066177427768707,0.26058706641197205,-0.0234375,-0.03476586565375328,0.28506073355674744,0.0234375,-0.03476586565375328,0.28506073355674744,-0.0234375,-0.23493808507919312,0.3690263330936432,0.0234375,-0.22066177427768707,0.26058706641197205,0.0234375,-0.04904216527938843,0.3935000002384186,0.0234375,-0.03476586565375328,0.28506073355674744,0.0234375,-0.04904216527938843,0.3935000002384186,-0.0234375,-0.03476586565375328,0.28506073355674744,-0.0234375,-0.23493808507919312,0.3690263330936432,-0.0234375,-0.22066177427768707,0.26058706641197205,-0.0234375,0,-0.26869842410087585,0.046875,0.0883883461356163,-0.35708677768707275,0.046875,0,-0.26869842410087585,-0.046875,0.0883883461356163,-0.35708677768707275,-0.046875,-0.0883883461356163,-0.35708677768707275,-0.046875,0,-0.44547513127326965,-0.046875,-0.0883883461356163,-0.35708677768707275,0.046875,0,-0.44547513127326965,0.046875,-0.0883883461356163,-0.35708677768707275,-0.046875,-0.0883883461356163,-0.35708677768707275,0.046875,0,-0.26869842410087585,-0.046875,0,-0.26869842410087585,0.046875,0,-0.44547513127326965,0.046875,0,-0.44547513127326965,-0.046875,0.0883883461356163,-0.35708677768707275,0.046875,0.0883883461356163,-0.35708677768707275,-0.046875,-0.0883883461356163,-0.35708677768707275,0.046875,0,-0.44547513127326965,0.046875,0,-0.26869842410087585,0.046875,0.0883883461356163,-0.35708677768707275,0.046875,0,-0.26869842410087585,-0.046875,0.0883883461356163,-0.35708677768707275,-0.046875,-0.0883883461356163,-0.35708677768707275,-0.046875,0,-0.44547513127326965,-0.046875,-0.2268235832452774,0.3433029353618622,0,-0.2268235832452774,0.3433029353618622,0,-0.20846833288669586,0.20388098061084747,0,-0.3662455081939697,0.32494768500328064,0,-0.3662455081939697,0.32494768500328064,0,-0.3478902578353882,0.18552573025226593,0,-0.2268235832452774,0.3433029353618622,0,-0.3662455081939697,0.32494768500328064,0,-0.2268235832452774,0.3433029353618622,0,-0.20846833288669586,0.20388098061084747,0,-0.3478902578353882,0.18552573025226593,0,-0.20846833288669586,0.20388098061084747,0,-0.3478902578353882,0.18552573025226593,0,-0.3662455081939697,0.32494768500328064,0,-0.2268235832452774,0.3433029353618622,0,-0.20846833288669586,0.20388098061084747,0,0.2268235683441162,0.3433029353618622,0,0.2268235683441162,0.3433029353618622,0,0.20846833288669586,0.20388098061084747,0,0.3662455081939697,0.32494768500328064,0,0.3662455081939697,0.32494768500328064,0,0.3478902578353882,0.18552573025226593,0,0.3662455081939697,0.32494768500328064,0,0.2268235683441162,0.3433029353618622,0,0.3662455081939697,0.32494768500328064,0,0.3478902578353882,0.18552573025226593,0,0.20846833288669586,0.20388098061084747,0,0.3478902578353882,0.18552573025226593,0,0.2268235683441162,0.3433029353618622,0,0.3662455081939697,0.32494768500328064,0,0.3478902578353882,0.18552573025226593,0,0.20846833288669586,0.20388098061084747,0,0.23493808507919312,0.3690263330936432,0.0234375,0.22066178917884827,0.26058706641197205,0.0234375,0.23493808507919312,0.3690263330936432,-0.0234375,0.22066178917884827,0.26058706641197205,-0.0234375,0.04904216527938843,0.3935000002384186,-0.0234375,0.03476586192846298,0.28506073355674744,-0.0234375,0.04904216527938843,0.3935000002384186,0.0234375,0.03476586192846298,0.28506073355674744,0.0234375,0.04904216527938843,0.3935000002384186,-0.0234375,0.04904216527938843,0.3935000002384186,0.0234375,0.23493808507919312,0.3690263330936432,-0.0234375,0.23493808507919312,0.3690263330936432,0.0234375,0.03476586192846298,0.28506073355674744,0.0234375,0.03476586192846298,0.28506073355674744,-0.0234375,0.22066178917884827,0.26058706641197205,0.0234375,0.22066178917884827,0.26058706641197205,-0.0234375,0.04904216527938843,0.3935000002384186,0.0234375,0.03476586192846298,0.28506073355674744,0.0234375,0.23493808507919312,0.3690263330936432,0.0234375,0.22066178917884827,0.26058706641197205,0.0234375,0.23493808507919312,0.3690263330936432,-0.0234375,0.22066178917884827,0.26058706641197205,-0.0234375,0.04904216527938843,0.3935000002384186,-0.0234375,0.03476586192846298,0.28506073355674744,-0.0234375],"indices":[0,1,2,1,3,2,4,5,6,5,7,6,8,9,10,9,11,10,12,13,14,13,15,14,16,17,18,17,19,18,20,21,22,21,23,22,24,25,26,25,27,26,28,29,30,29,31,30,32,33,34,33,35,34,36,37,38,37,39,38,40,41,42,41,43,42,44,45,46,45,47,46,48,49,50,49,51,50,52,53,54,53,55,54,56,57,58,57,59,58,60,61,62,61,63,62,64,65,66,65,67,66,68,69,70,69,71,70,72,73,74,73,75,74,76,77,78,77,79,78,80,81,82,81,83,82,84,85,86,85,87,86,88,89,90,89,91,90,92,93,94,93,95,94,96,97,98,96,98,98,99,100,101,99,101,101,102,103,104,102,104,103,105,106,107,105,107,106,108,109,110,108,110,111,112,113,114,112,114,114,115,116,117,115,117,117,118,119,119,118,119,120,121,122,122,121,122,123,124,125,126,124,126,127,128,129,130,129,131,130,132,133,134,133,135,134,136,137,138,137,139,138,140,141,142,141,143,142,144,145,146,145,147,146,148,149,150,149,151,150]},"optimizedModelData":{"":{"meshCount":1},"-named-nodes":{"meshCount":7},"-no-animations":{"meshCount":1}}}