{"schemaVersion":4,"source":{"uri":"models/environment/City/barrel-wood-2.gltf","sha256":"e42bf7ced0201fb4ee63c1409f8fce1e625f3f06bb0916f5e1b5c93b9d8d1ceb"},"animationNames":[],"boundingBox":{"min":{"x":-0.618718433538229,"y":0,"z":-0.618718433538229},"max":{"x":0.618718433538229,"y":2,"z":0.618718433538229}},"nodeNames":["cube","cube","cube","cube","Barrel2-1","cube","cube","cube","cube","Barrel2",""],"trimesh":{"vertices":[-0.34375,1,-0.34375,-0.34375,0,-0.34375,-0.34375,1,0.34375,-0.34375,0,0.34375,0.34375,1,0.34375,0.34375,0,0.34375,0.34375,1,-0.34375,0.34375,0,-0.34375,0.34375,1,0.34375,0.34375,1,-0.34375,-0.34375,1,0.34375,-0.34375,1,-0.34375,0.34375,0,-0.34375,0.34375,0,0.34375,-0.34375,0,-0.34375,-0.34375,0,0.34375,0.34375,1,-0.34375,0.34375,0,-0.34375,-0.34375,1,-0.34375,-0.34375,0,-0.34375,-0.34375,1,0.34375,-0.34375,0,0.34375,0.34375,1,0.34375,0.34375,0,0.34375,-0.4375,0.8125,-0.4375,-0.4375,0.6875,-0.4375,-0.4375,0.8125,0.4375,-0.4375,0.6875,0.4375,0.4375,0.8125,0.4375,0.4375,0.6875,0.4375,0.4375,0.8125,-0.4375,0.4375,0.6875,-0.4375,0.4375,0.8125,0.4375,0.4375,0.8125,-0.4375,-0.4375,0.8125,0.4375,-0.4375,0.8125,-0.4375,0.4375,0.6875,-0.4375,0.4375,0.6875,0.4375,-0.4375,0.6875,-0.4375,-0.4375,0.6875,0.4375,0.4375,0.8125,-0.4375,0.4375,0.6875,-0.4375,-0.4375,0.8125,-0.4375,-0.4375,0.6875,-0.4375,-0.4375,0.8125,0.4375,-0.4375,0.6875,0.4375,0.4375,0.8125,0.4375,0.4375,0.6875,0.4375,-0.4375,0.3125,-0.4375,-0.4375,0.1875,-0.4375,-0.4375,0.3125,0.4375,-0.4375,0.1875,0.4375,0.4375,0.3125,0.4375,0.4375,0.1875,0.4375,0.4375,0.3125,-0.4375,0.4375,0.1875,-0.4375,0.4375,0.3125,0.4375,0.4375,0.3125,-0.4375,-0.4375,0.3125,0.4375,-0.4375,0.3125,-0.4375,0.4375,0.1875,-0.4375,0.4375,0.1875,0.4375,-0.4375,0.1875,-0.4375,-0.4375,0.1875,0.4375,0.4375,0.3125,-0.4375,0.4375,0.1875,-0.4375,-0.4375,0.3125,-0.4375,-0.4375,0.1875,-0.4375,-0.4375,0.3125,0.4375,-0.4375,0.1875,0.4375,0.4375,0.3125,0.4375,0.4375,0.1875,0.4375,-0.40625,0.9375,-0.40625,-0.40625,0.0625,-0.40625,-0.40625,0.9375,0.40625,-0.40625,0.0625,0.40625,0.40625,0.9375,0.40625,0.40625,0.0625,0.40625,0.40625,0.9375,-0.40625,0.40625,0.0625,-0.40625,0.40625,0.9375,0.40625,0.40625,0.9375,-0.40625,-0.40625,0.9375,0.40625,-0.40625,0.9375,-0.40625,0.40625,0.0625,-0.40625,0.40625,0.0625,0.40625,-0.40625,0.0625,-0.40625,-0.40625,0.0625,0.40625,0.40625,0.9375,-0.40625,0.40625,0.0625,-0.40625,-0.40625,0.9375,-0.40625,-0.40625,0.0625,-0.40625,-0.40625,0.9375,0.40625,-0.40625,0.0625,0.40625,0.40625,0.9375,0.40625,0.40625,0.0625,0.40625,-5.70503755325414e-17,0,0.48613590002059937,-5.70503755325414e-17,-1,0.48613590002059937,0.48613590002059937,0,5.70503755325414e-17,0.48613590002059937,-1,5.70503755325414e-17,5.70503755325414e-17,0,-0.48613590002059937,5.70503755325414e-17,-1,-0.48613590002059937,-0.48613590002059937,0,-5.70503755325414e-17,-0.48613590002059937,-1,-5.70503755325414e-17,5.70503755325414e-17,0,-0.48613590002059937,-0.48613590002059937,0,-5.70503755325414e-17,0.48613590002059937,0,5.70503755325414e-17,-5.70503755325414e-17,0,0.48613590002059937,-0.48613590002059937,-1,-5.70503755325414e-17,5.70503755325414e-17,-1,-0.48613590002059937,-5.70503755325414e-17,-1,0.48613590002059937,0.48613590002059937,-1,5.70503755325414e-17,-0.48613590002059937,0,-5.70503755325414e-17,-0.48613590002059937,-1,-5.70503755325414e-17,-5.70503755325414e-17,0,0.48613590002059937,-5.70503755325414e-17,-1,0.48613590002059937,0.48613590002059937,0,5.70503755325414e-17,0.48613590002059937,-1,5.70503755325414e-17,5.70503755325414e-17,0,-0.48613590002059937,5.70503755325414e-17,-1,-0.48613590002059937,-4.233075608916438e-17,-0.1875,0.6187184453010559,-4.233075608916438e-17,-0.3125,0.6187184453010559,0.6187184453010559,-0.1875,4.233075608916438e-17,0.6187184453010559,-0.3125,4.233075608916438e-17,4.233075608916438e-17,-0.1875,-0.6187184453010559,4.233075608916438e-17,-0.3125,-0.6187184453010559,-0.6187184453010559,-0.1875,-4.233075608916438e-17,-0.6187184453010559,-0.3125,-4.233075608916438e-17,4.233075608916438e-17,-0.1875,-0.6187184453010559,-0.6187184453010559,-0.1875,-4.233075608916438e-17,0.6187184453010559,-0.1875,4.233075608916438e-17,-4.233075608916438e-17,-0.1875,0.6187184453010559,-0.6187184453010559,-0.3125,-4.233075608916438e-17,4.233075608916438e-17,-0.3125,-0.6187184453010559,-4.233075608916438e-17,-0.3125,0.6187184453010559,0.6187184453010559,-0.3125,4.233075608916438e-17,-0.6187184453010559,-0.1875,-4.233075608916438e-17,-0.6187184453010559,-0.3125,-4.233075608916438e-17,-4.233075608916438e-17,-0.1875,0.6187184453010559,-4.233075608916438e-17,-0.3125,0.6187184453010559,0.6187184453010559,-0.1875,4.233075608916438e-17,0.6187184453010559,-0.3125,4.233075608916438e-17,4.233075608916438e-17,-0.1875,-0.6187184453010559,4.233075608916438e-17,-0.3125,-0.6187184453010559,-4.233075608916438e-17,-0.6875,0.6187184453010559,-4.233075608916438e-17,-0.8125,0.6187184453010559,0.6187184453010559,-0.6875,4.233075608916438e-17,0.6187184453010559,-0.8125,4.233075608916438e-17,4.233075608916438e-17,-0.6875,-0.6187184453010559,4.233075608916438e-17,-0.8125,-0.6187184453010559,-0.6187184453010559,-0.6875,-4.233075608916438e-17,-0.6187184453010559,-0.8125,-4.233075608916438e-17,4.233075608916438e-17,-0.6875,-0.6187184453010559,-0.6187184453010559,-0.6875,-4.233075608916438e-17,0.6187184453010559,-0.6875,4.233075608916438e-17,-4.233075608916438e-17,-0.6875,0.6187184453010559,-0.6187184453010559,-0.8125,-4.233075608916438e-17,4.233075608916438e-17,-0.8125,-0.6187184453010559,-4.233075608916438e-17,-0.8125,0.6187184453010559,0.6187184453010559,-0.8125,4.233075608916438e-17,-0.6187184453010559,-0.6875,-4.233075608916438e-17,-0.6187184453010559,-0.8125,-4.233075608916438e-17,-4.233075608916438e-17,-0.6875,0.6187184453010559,-4.233075608916438e-17,-0.8125,0.6187184453010559,0.6187184453010559,-0.6875,4.233075608916438e-17,0.6187184453010559,-0.8125,4.233075608916438e-17,4.233075608916438e-17,-0.6875,-0.6187184453010559,4.233075608916438e-17,-0.8125,-0.6187184453010559,-4.723729369780842e-17,-0.0625,0.5745242834091187,-4.723729369780842e-17,-0.9375,0.5745242834091187,0.5745242834091187,-0.0625,4.723729369780842e-17,0.5745242834091187,-0.9375,4.723729369780842e-17,4.723729369780842e-17,-0.0625,-0.5745242834091187,4.723729369780842e-17,-0.9375,-0.5745242834091187,-0.5745242834091187,-0.0625,-4.723729369780842e-17,-0.5745242834091187,-0.9375,-4.723729369780842e-17,4.723729369780842e-17,-0.0625,-0.5745242834091187,-0.5745242834091187,-0.0625,-4.723729369780842e-17,0.5745242834091187,-0.0625,4.723729369780842e-17,-4.723729369780842e-17,-0.0625,0.5745242834091187,-0.5745242834091187,-0.9375,-4.723729369780842e-17,4.723729369780842e-17,-0.9375,-0.5745242834091187,-4.723729369780842e-17,-0.9375,0.5745242834091187,0.5745242834091187,-0.9375,4.723729369780842e-17,-0.5745242834091187,-0.0625,-4.723729369780842e-17,-0.5745242834091187,-0.9375,-4.723729369780842e-17,-4.723729369780842e-17,-0.0625,0.5745242834091187,-4.723729369780842e-17,-0.9375,0.5745242834091187,0.5745242834091187,-0.0625,4.723729369780842e-17,0.5745242834091187,-0.9375,4.723729369780842e-17,4.723729369780842e-17,-0.0625,-0.5745242834091187,4.723729369780842e-17,-0.9375,-0.5745242834091187],