{"schemaVersion":4,"source":{"uri":"models/Pets/BlueTang/blue-tang.gltf","sha256":"277ee1dea559d1ff6b6a2fbcf40c6635f214575a17dbdd9a7739adfcacc41924"},"animationNames":["idle","walk"],"boundingBox":{"min":{"x":-0.28125,"y":0.0625,"z":-0.4375},"max":{"x":0.28125,"y":0.5625,"z":0.5625}},"nodeNames":["cube","fin","cube","fin2","cube","top_fin","cube","cube","tail","cube","head","cube","blue_tang",""],"trimesh":{"vertices":[0.09375,0.125,0,0.09375,0.125,0.25,0.09375,0.125,0,-0.09375,0.125,0.25,-0.09375,0.125,0,-0.09375,0.125,0.25,0.09375,0.125,0.25,0.09375,0.125,0,-0.09375,0.125,0,-0.09375,0.125,0.25,0.09375,0.125,0.25,-0.09375,0.125,0.25,0.09375,0.125,0.25,0.09375,0.125,0,-0.09375,0.125,0,-0.09375,0.125,0.25,-0.09375,0.125,0,-0.09375,0.125,0.25,0.09375,0.125,0,0.09375,0.125,0.25,0.09375,0.125,0,0.09375,0.125,0,-0.09375,0.125,0,-0.09375,0.125,0.25,0.09375,0.125,0.25,0.09375,0.125,0.25,-0.09375,0.125,0.25,0.09375,0.125,0.25,-0.09375,0.125,0,-0.09375,0.125,0,0,0,0.28125,0,0.1875,0.28125,0,0.1875,-0.28125,0,0,-0.28125,0,0.1875,-0.28125,0,0.1875,-0.28125,0,0.1875,0.28125,0,0,0.28125,0,0,0.28125,0,0,-0.28125,0,0.1875,0.28125,0,0.1875,0.28125,0,0,0.28125,0,0,-0.28125,0,-0.09375,0.25,0,0.09375,0.25,0,0.09375,-0.0625,0,-0.09375,-0.0625,0,0.09375,-0.0625,0,0.09375,-0.0625,0,0.09375,0.25,0,-0.09375,0.25,0,-0.09375,0.25,0,-0.09375,-0.0625,0,0.09375,0.25,0,0.09375,0.25,0,-0.09375,0.25,0,-0.09375,-0.0625,0.046875,0.09375,0.0625,0.046875,-0.09375,0.0625,0.046875,0.09375,-0.0625,0.046875,-0.09375,-0.0625,-0.046875,0.09375,-0.0625,-0.046875,-0.09375,-0.0625,-0.046875,0.09375,0.0625,-0.046875,-0.09375,0.0625,-0.046875,0.09375,-0.0625,-0.046875,0.09375,0.0625,0.046875,0.09375,-0.0625,0.046875,0.09375,0.0625,-0.046875,-0.09375,0.0625,-0.046875,-0.09375,-0.0625,0.046875,-0.09375,0.0625,0.046875,-0.09375,-0.0625,-0.046875,0.09375,0.0625,-0.046875,-0.09375,0.0625,0.046875,0.09375,0.0625,0.046875,-0.09375,0.0625,0.046875,0.09375,-0.0625,0.046875,-0.09375,-0.0625,-0.046875,0.09375,-0.0625,-0.046875,-0.09375,-0.0625,0.0625,0.2487500011920929,0.3125,0.0625,-0.016875000670552254,0.3125,0.0625,0.2487500011920929,0.1875,0.0625,-0.016875000670552254,0.1875,-0.0625,0.2487500011920929,0.1875,-0.0625,-0.016875000670552254,0.1875,-0.0625,0.2487500011920929,0.3125,-0.0625,-0.016875000670552254,0.3125,-0.0625,0.2487500011920929,0.1875,-0.0625,0.2487500011920929,0.3125,0.0625,0.2487500011920929,0.1875,0.0625,0.2487500011920929,0.3125,-0.0625,-0.016875000670552254,0.3125,-0.0625,-0.016875000670552254,0.1875,0.0625,-0.016875000670552254,0.3125,0.0625,-0.016875000670552254,0.1875,-0.0625,0.2487500011920929,0.3125,-0.0625,-0.016875000670552254,0.3125,0.0625,0.2487500011920929,0.3125,0.0625,-0.016875000670552254,0.3125,0.0625,0.2487500011920929,0.1875,0.0625,-0.016875000670552254,0.1875,-0.0625,0.2487500011920929,0.1875,-0.0625,-0.016875000670552254,0.1875,0.09375,0.25,0.4375,0.09375,-0.0625,0.4375,0.09375,0.25,-0.125,0.09375,-0.0625,-0.125,-0.09375,0.25,-0.125,-0.09375,-0.0625,-0.125,-0.09375,0.25,0.4375,-0.09375,-0.0625,0.4375,-0.09375,0.25,-0.125,-0.09375,0.25,0.4375,0.09375,0.25,-0.125,0.09375,0.25,0.4375,-0.09375,-0.0625,0.4375,-0.09375,-0.0625,-0.125,0.09375,-0.0625,0.4375,0.09375,-0.0625,-0.125,-0.09375,0.25,0.4375,-0.09375,-0.0625,0.4375,0.09375,0.25,0.4375,0.09375,-0.0625,0.4375,0.09375,0.25,-0.125,0.09375,-0.0625,-0.125,-0.09375,0.25,-0.125,-0.09375,-0.0625,-0.125],"indices":[0,1,2,0,2,1,3,4,5,3,5,4,6,7,8,6,8,9,10,11,12,10,12,11,4,13,14,4,14,13,15,16,16,15,16,17,18,19,19,18,19,20,21,22,23,21,23,24,25,26,26,25,26,27,28,18,18,28,18,29,30,31,32,30,32,33,34,35,36,34,36,36,37,38,39,37,39,39,40,41,42,40,42,42,34,35,43,34,43,43,44,45,46,44,46,47,48,49,50,48,50,50,51,52,53,51,53,53,54,55,56,54,56,56,48,49,57,48,57,57,58,59,60,59,61,60,62,63,64,63,65,64,66,67,68,67,69,68,70,71,72,71,73,72,74,75,76,75,77,76,78,79,80,79,81,80,82,83,84,83,85,84,86,87,88,87,89,88,90,91,92,91,93,92,94,95,96,95,97,96,98,99,100,99,101,100,102,103,104,103,105,104,106,107,108,107,109,108,110,111,112,111,113,112,114,115,116,115,117,116,118,119,120,119,121,120,122,123,124,123,125,124,126,127,128,127,129,128]},"optimizedModelData":{"":{"meshCount":6},"-named-nodes":{"meshCount":7},"-no-animations":{"meshCount":1}}}