{"schemaVersion":4,"source":{"uri":"models/Pets/Perch/perch.gltf","sha256":"b44f177984d5e0ce8b4937d76b2738beda5d1540a8af33e95e4c04c8faaf6afd"},"animationNames":["idle","walk"],"boundingBox":{"min":{"x":-0.28125,"y":-0.0625,"z":-0.5625},"max":{"x":0.28125,"y":0.5625,"z":0.5625}},"nodeNames":["cube","cube","fin","cube","fin2","cube","cube","top_fin","cube","cube","tail","cube","head","perch"],"trimesh":{"vertices":[0.09375,0.25,0.3125,0.09375,-0.0625,0.3125,0.09375,0.25,-0.25,0.09375,-0.0625,-0.25,-0.09375,0.25,-0.25,-0.09375,-0.0625,-0.25,-0.09375,0.25,0.3125,-0.09375,-0.0625,0.3125,-0.09375,0.25,-0.25,-0.09375,0.25,0.3125,0.09375,0.25,-0.25,0.09375,0.25,0.3125,-0.09375,-0.0625,0.3125,-0.09375,-0.0625,-0.25,0.09375,-0.0625,0.3125,0.09375,-0.0625,-0.25,-0.09375,0.25,0.3125,-0.09375,-0.0625,0.3125,0.09375,0.25,0.3125,0.09375,-0.0625,0.3125,0.09375,0.25,-0.25,0.09375,-0.0625,-0.25,-0.09375,0.25,-0.25,-0.09375,-0.0625,-0.25,0.09375,0.125,0,0.09375,0.125,0.25,0.09375,0.125,0,-0.09375,0.125,0.25,-0.09375,0.125,0,-0.09375,0.125,0.25,0.09375,0.125,0.25,0.09375,0.125,0,-0.09375,0.125,0,-0.09375,0.125,0.25,0.09375,0.125,0.25,-0.09375,0.125,0.25,0.09375,0.125,0.25,0.09375,0.125,0,-0.09375,0.125,0,-0.09375,0.125,0.25,-0.09375,0.125,0,-0.09375,0.125,0.25,0.09375,0.125,0,0.09375,0.125,0.25,0.09375,0.125,0,0.09375,0.125,0,-0.09375,0.125,0,-0.09375,0.125,0.25,0.09375,0.125,0.25,0.09375,0.125,0.25,-0.09375,0.125,0.25,0.09375,0.125,0.25,-0.09375,0.125,0,-0.09375,0.125,0,0,0.0625,0.15625,0,0.25,0.15625,0,0.25,-0.28125,0,0.0625,-0.28125,0,0.25,-0.28125,0,0.25,-0.28125,0,0.25,0.15625,0,0.0625,0.15625,0,0.0625,0.15625,0,0.0625,-0.28125,0,0.25,0.15625,0,0.25,0.15625,0,0.0625,0.15625,0,0.0625,-0.28125,0,-0.375,0.28125,0,-0.1875,0.28125,0,-0.1875,0.03125,0,-0.375,0.03125,0,-0.1875,0.03125,0,-0.1875,0.03125,0,-0.1875,0.28125,0,-0.375,0.28125,0,-0.375,0.28125,0,-0.375,0.03125,0,-0.1875,0.28125,0,-0.1875,0.28125,0,-0.375,0.28125,0,-0.375,0.03125,0,-0.15625,0.3125,0,0.21875,0.3125,0,0.21875,0,0,-0.15625,0,0,0.21875,0,0,0.21875,0,0,0.21875,0.3125,0,-0.15625,0.3125,0,-0.15625,0.3125,0,-0.15625,0,0,0.21875,0.3125,0,0.21875,0.3125,0,-0.15625,0.3125,0,-0.15625,0,0.046875,0.125,0.125,0.046875,-0.0625,0.125,0.046875,0.125,-0.125,0.046875,-0.0625,-0.125,-0.046875,0.125,-0.125,-0.046875,-0.0625,-0.125,-0.046875,0.125,0.125,-0.046875,-0.0625,0.125,-0.046875,0.125,-0.125,-0.046875,0.125,0.125,0.046875,0.125,-0.125,0.046875,0.125,0.125,-0.046875,-0.0625,0.125,-0.046875,-0.0625,-0.125,0.046875,-0.0625,0.125,0.046875,-0.0625,-0.125,-0.046875,0.125,0.125,-0.046875,-0.0625,0.125,0.046875,0.125,0.125,0.046875,-0.0625,0.125,0.046875,0.125,-0.125,0.046875,-0.0625,-0.125,-0.046875,0.125,-0.125,-0.046875,-0.0625,-0.125,0.0625,0.1862500011920929,0.3125,0.0625,-0.016875000670552254,0.3125,0.0625,0.1862500011920929,0.1875,0.0625,-0.016875000670552254,0.1875,-0.0625,0.1862500011920929,0.1875,-0.0625,-0.016875000670552254,0.1875,-0.0625,0.1862500011920929,0.3125,-0.0625,-0.016875000670552254,0.3125,-0.0625,0.1862500011920929,0.1875,-0.0625,0.1862500011920929,0.3125,0.0625,0.1862500011920929,0.1875,0.0625,0.1862500011920929,0.3125,-0.0625,-0.016875000670552254,0.3125,-0.0625,-0.016875000670552254,0.1875,0.0625,-0.016875000670552254,0.3125,0.0625,-0.016875000670552254,0.1875,-0.0625,0.1862500011920929,0.3125,-0.0625,-0.016875000670552254,0.3125,0.0625,0.1862500011920929,0.3125,0.0625,-0.016875000670552254,0.3125,0.0625,0.1862500011920929,0.1875,0.0625,-0.016875000670552254,0.1875,-0.0625,0.1862500011920929,0.1875,-0.0625,-0.016875000670552254,0.1875],"indices":[0,1,2,1,3,2,4,5,6,5,7,6,8,9,10,9,11,10,12,13,14,13,15,14,16,17,18,17,19,18,20,21,22,21,23,22,24,25,26,24,26,25,27,28,29,27,29,28,30,31,32,30,32,33,34,35,36,34,36,35,28,37,38,28,38,37,39,40,40,39,40,41,42,43,43,42,43,44,45,46,47,45,47,48,49,50,50,49,50,51,52,42,42,52,42,53,54,55,56,54,56,57,58,59,60,58,60,60,61,62,63,61,63,63,64,65,66,64,66,66,58,59,67,58,67,67,68,69,70,68,70,71,72,73,74,72,74,74,75,76,77,75,77,77,78,79,80,78,80,80,72,73,81,72,81,81,82,83,84,82,84,85,86,87,88,86,88,88,89,90,91,89,91,91,92,93,94,92,94,94,86,87,95,86,95,95,96,97,98,97,99,98,100,101,102,101,103,102,104,105,106,105,107,106,108,109,110,109,111,110,112,113,114,113,115,114,116,117,118,117,119,118,120,121,122,121,123,122,124,125,126,125,127,126,128,129,130,129,131,130,132,133,134,133,135,134,136,137,138,137,139,138,140,141,142,141,143,142]},"optimizedModelData":{"":{"meshCount":6},"-named-nodes":{"meshCount":8},"-no-animations":{"meshCount":1}}}