{"schemaVersion":4,"source":{"uri":"models/environment/Tropical/flower-2.gltf","sha256":"92fcf98430719e3cf498424c366acbc9dfdb1ef0ffeec3a014af9577bef5a9b1"},"animationNames":[],"boundingBox":{"min":{"x":-0.28125,"y":0,"z":-0.28415063432705234},"max":{"x":0.3023359949648045,"y":1.0553419526322545,"z":0.28125}},"nodeNames":["cube","cube","cube","cube","cube","cube","cube","cube","cube","cube","flower_2",""],"trimesh":{"vertices":[0.23945699632167816,-0.1526709794998169,0.2514503300189972,0.23945699632167816,-0.5276709794998169,0.2514503300189972,0.23945699632167816,-0.1526709794998169,-0.248549684882164,0.23945699632167816,-0.5276709794998169,-0.248549684882164,-0.26054298877716064,-0.1526709794998169,-0.248549684882164,-0.26054298877716064,-0.5276709794998169,-0.248549684882164,-0.26054298877716064,-0.1526709794998169,0.2514503300189972,-0.26054298877716064,-0.5276709794998169,0.2514503300189972,-0.26054298877716064,-0.1526709794998169,-0.248549684882164,-0.26054298877716064,-0.1526709794998169,0.2514503300189972,0.23945699632167816,-0.1526709794998169,-0.248549684882164,0.23945699632167816,-0.1526709794998169,0.2514503300189972,-0.26054298877716064,-0.5276709794998169,0.2514503300189972,-0.26054298877716064,-0.5276709794998169,-0.248549684882164,0.23945699632167816,-0.5276709794998169,0.2514503300189972,0.23945699632167816,-0.5276709794998169,-0.248549684882164,-0.26054298877716064,-0.1526709794998169,0.2514503300189972,-0.26054298877716064,-0.5276709794998169,0.2514503300189972,0.23945699632167816,-0.1526709794998169,0.2514503300189972,0.23945699632167816,-0.5276709794998169,0.2514503300189972,0.23945699632167816,-0.1526709794998169,-0.248549684882164,0.23945699632167816,-0.5276709794998169,-0.248549684882164,-0.26054298877716064,-0.1526709794998169,-0.248549684882164,-0.26054298877716064,-0.5276709794998169,-0.248549684882164,0.27070701122283936,-0.027670975774526596,0.2827003300189972,0.27070701122283936,-0.1526709794998169,0.2827003300189972,0.27070701122283936,-0.027670975774526596,-0.2797996699810028,0.27070701122283936,-0.1526709794998169,-0.2797996699810028,-0.29179298877716064,-0.027670975774526596,-0.2797996699810028,-0.29179298877716064,-0.1526709794998169,-0.2797996699810028,-0.29179298877716064,-0.027670975774526596,0.2827003300189972,-0.29179298877716064,-0.1526709794998169,0.2827003300189972,-0.29179298877716064,-0.027670975774526596,-0.2797996699810028,-0.29179298877716064,-0.027670975774526596,0.2827003300189972,0.27070701122283936,-0.027670975774526596,-0.2797996699810028,0.27070701122283936,-0.027670975774526596,0.2827003300189972,-0.29179298877716064,-0.1526709794998169,0.2827003300189972,-0.29179298877716064,-0.1526709794998169,-0.2797996699810028,0.27070701122283936,-0.1526709794998169,0.2827003300189972,0.27070701122283936,-0.1526709794998169,-0.2797996699810028,-0.29179298877716064,-0.027670975774526596,0.2827003300189972,-0.29179298877716064,-0.1526709794998169,0.2827003300189972,0.27070701122283936,-0.027670975774526596,0.2827003300189972,0.27070701122283936,-0.1526709794998169,0.2827003300189972,0.27070701122283936,-0.027670975774526596,-0.2797996699810028,0.27070701122283936,-0.1526709794998169,-0.2797996699810028,-0.29179298877716064,-0.027670975774526596,-0.2797996699810028,-0.29179298877716064,-0.1526709794998169,-0.2797996699810028,0.02070700190961361,0.4723290205001831,0.0327003188431263,0.02070700190961361,-0.027670975774526596,0.0327003188431263,0.02070700190961361,0.4723290205001831,-0.029799683019518852,0.02070700190961361,-0.027670975774526596,-0.029799683019518852,-0.04179299622774124,0.4723290205001831,-0.029799683019518852,-0.04179299622774124,-0.027670975774526596,-0.029799683019518852,-0.04179299622774124,0.4723290205001831,0.0327003188431263,-0.04179299622774124,-0.027670975774526596,0.0327003188431263,-0.04179299622774124,0.4723290205001831,-0.029799683019518852,-0.04179299622774124,0.4723290205001831,0.0327003188431263,0.02070700190961361,0.4723290205001831,-0.029799683019518852,0.02070700190961361,0.4723290205001831,0.0327003188431263,-0.04179299622774124,-0.027670975774526596,0.0327003188431263,-0.04179299622774124,-0.027670975774526596,-0.029799683019518852,0.02070700190961361,-0.027670975774526596,0.0327003188431263,0.02070700190961361,-0.027670975774526596,-0.029799683019518852,-0.04179299622774124,0.4723290205001831,0.0327003188431263,-0.04179299622774124,-0.027670975774526596,0.0327003188431263,0.02070700190961361,0.4723290205001831,0.0327003188431263,0.02070700190961361,-0.027670975774526596,0.0327003188431263,0.02070700190961361,0.4723290205001831,-0.029799683019518852,0.02070700190961361,-0.027670975774526596,-0.029799683019518852,-0.04179299622774124,0.4723290205001831,-0.029799683019518852,-0.04179299622774124,-0.027670975774526596,-0.029799683019518852,-0.028849558904767036,0.4098290205001831,-0.01578575000166893,-0.028849558904767036,0.4098290205001831,-0.01578575000166893,-0.028849558904767036,0.1598290205001831,-0.01578575000166893,-0.2598194479942322,0.4098290205001831,-0.11145661026239395,-0.2598194479942322,0.4098290205001831,-0.11145661026239395,-0.2598194479942322,0.1598290205001831,-0.11145661026239395,-0.028849558904767036,0.4098290205001831,-0.01578575000166893,-0.2598194479942322,0.4098290205001831,-0.11145661026239395,-0.028849558904767036,0.4098290205001831,-0.01578575000166893,-0.028849558904767036,0.1598290205001831,-0.01578575000166893,-0.2598194479942322,0.1598290205001831,-0.11145661026239395,-0.028849558904767036,0.1598290205001831,-0.01578575000166893,-0.2598194479942322,0.1598290205001831,-0.11145661026239395,-0.2598194479942322,0.4098290205001831,-0.11145661026239395,-0.028849558904767036,0.4098290205001831,-0.01578575000166893,-0.028849558904767036,0.1598290205001831,-0.01578575000166893,0.08246318250894547,0.3066585063934326,0.13387484848499298,0.08246318250894547,0.3066585063934326,0.13387484848499298,0.028893036767840385,0.09732866287231445,0.008131980895996094,0.29179301857948303,0.20100390911102295,0.22058211266994476,0.29179301857948303,0.20100390911102295,0.22058211266994476,0.2382228523492813,-0.008325872011482716,0.09483923763036728,0.29179301857948303,0.20100390911102295,0.22058211266994476,0.08246318250894547,0.3066585063934326,0.13387484848499298,0.29179301857948303,0.20100390911102295,0.22058211266994476,0.2382228523492813,-0.008325872011482716,0.09483923763036728,0.028893036767840385,0.09732866287231445,0.008131980895996094,0.2382228523492813,-0.008325872011482716,0.09483923763036728,0.08246318250894547,0.3066585063934326,0.13387484848499298,0.29179301857948303,0.20100390911102295,0.22058211266994476,0.2382228523492813,-0.008325872011482716,0.09483923763036728,0.028893036767840385,0.09732866287231445,0.008131980895996094,-0.07304299622774124,0.2535790205001831,-0.0454246811568737,-0.07304299622774124,0.2535790205001831,-0.0454246811568737,-0.07304299622774124,0.5035790205001831,-0.0454246811568737,0.17695699632167816,0.2535790205001831,-0.0454246811568737,0.17695699632167816,0.2535790205001831,-0.0454246811568737,0.17695699632167816,0.5035790205001831,-0.0454246811568737,-0.07304299622774124,0.2535790205001831,-0.0454246811568737,0.17695699632167816,0.2535790205001831,-0.0454246811568737,-0.07304299622774124,0.2535790205001831,-0.0454246811568737,-0.07304299622774124,0.5035790205001831,-0.0454246811568737,0.17695699632167816,0.5035790205001831,-0.0454246811568737,-0.07304299622774124,0.5035790205001831,-0.0454246811568737,0.17695699632167816,0.5035790205001831,-0.0454246811568737,0.17695699632167816,0.2535790205001831,-0.0454246811568737,-0.07304299622774124,0.2535790205001831,-0.0454246811568737,-0.07304299622774124,0.5035790205001831,-0.0454246811568737,0.12003997713327408,0.37900465726852417,-0.08884327858686447,0.12003997713327408,0.37900465726852417,-0.08884327858686447,0.009489157237112522,0.15843015909194946,-0.048526935279369354,0.24410174787044525,0.28139257431030273,-0.2827003002166748,0.24410174787044525,0.28139257431030273,