{"schemaVersion":4,"source":{"uri":"models/Pickaxes/PickaxeModelWooden/wooden-pickaxe.gltf","sha256":"43bb802dd2c0b49c8c0e267a6d368f9648a65382833fe0e2c9758cb9d11dc7e0"},"animationNames":[],"boundingBox":{"min":{"x":-0.3066475895192099,"y":0,"z":-0.0625},"max":{"x":0.30702868097343183,"y":0.78125,"z":0.0625}},"nodeNames":["cube","cube","cube","cube","cube","cube","wooden_pickaxe"],"trimesh":{"vertices":[0.03105945512652397,0.390625,0.03125,0.03105945512652397,-0.390625,0.03125,0.03105945512652397,0.390625,-0.03125,0.03105945512652397,-0.390625,-0.03125,-0.03144054487347603,0.390625,-0.03125,-0.03144054487347603,-0.390625,-0.03125,-0.03144054487347603,0.390625,0.03125,-0.03144054487347603,-0.390625,0.03125,-0.03144054487347603,0.390625,-0.03125,-0.03144054487347603,0.390625,0.03125,0.03105945512652397,0.390625,-0.03125,0.03105945512652397,0.390625,0.03125,-0.03144054487347603,-0.390625,0.03125,-0.03144054487347603,-0.390625,-0.03125,0.03105945512652397,-0.390625,0.03125,0.03105945512652397,-0.390625,-0.03125,-0.03144054487347603,0.390625,0.03125,-0.03144054487347603,-0.390625,0.03125,0.03105945512652397,0.390625,0.03125,0.03105945512652397,-0.390625,0.03125,0.03105945512652397,0.390625,-0.03125,0.03105945512652397,-0.390625,-0.03125,-0.03144054487347603,0.390625,-0.03125,-0.03144054487347603,-0.390625,-0.03125,0.06230945512652397,0.359375,0.0625,0.06230945512652397,0.203125,0.0625,0.06230945512652397,0.359375,-0.0625,0.06230945512652397,0.203125,-0.0625,-0.06269054859876633,0.359375,-0.0625,-0.06269054859876633,0.203125,-0.0625,-0.06269054859876633,0.359375,0.0625,-0.06269054859876633,0.203125,0.0625,-0.06269054859876633,0.359375,-0.0625,-0.06269054859876633,0.359375,0.0625,0.06230945512652397,0.359375,-0.0625,0.06230945512652397,0.359375,0.0625,-0.06269054859876633,0.203125,0.0625,-0.06269054859876633,0.203125,-0.0625,0.06230945512652397,0.203125,0.0625,0.06230945512652397,0.203125,-0.0625,-0.06269054859876633,0.359375,0.0625,-0.06269054859876633,0.203125,0.0625,0.06230945512652397,0.359375,0.0625,0.06230945512652397,0.203125,0.0625,0.06230945512652397,0.359375,-0.0625,0.06230945512652397,0.203125,-0.0625,-0.06269054859876633,0.359375,-0.0625,-0.06269054859876633,0.203125,-0.0625,-0.06370430439710617,0.3299751877784729,0.0234375,-0.051467470824718475,0.23702722787857056,0.0234375,-0.06370430439710617,0.3299751877784729,-0.0234375,-0.051467470824718475,0.23702722787857056,-0.0234375,-0.21861755847930908,0.3095804452896118,-0.0234375,-0.2063807249069214,0.21663248538970947,-0.0234375,-0.21861755847930908,0.3095804452896118,0.0234375,-0.2063807249069214,0.21663248538970947,0.0234375,-0.21861755847930908,0.3095804452896118,-0.0234375,-0.21861755847930908,0.3095804452896118,0.0234375,-0.06370430439710617,0.3299751877784729,-0.0234375,-0.06370430439710617,0.3299751877784729,0.0234375,-0.2063807249069214,0.21663248538970947,0.0234375,-0.2063807249069214,0.21663248538970947,-0.0234375,-0.051467470824718475,0.23702722787857056,0.0234375,-0.051467470824718475,0.23702722787857056,-0.0234375,-0.21861755847930908,0.3095804452896118,0.0234375,-0.2063807249069214,0.21663248538970947,0.0234375,-0.06370430439710617,0.3299751877784729,0.0234375,-0.051467470824718475,0.23702722787857056,0.0234375,-0.06370430439710617,0.3299751877784729,-0.0234375,-0.051467470824718475,0.23702722787857056,-0.0234375,-0.21861755847930908,0.3095804452896118,-0.0234375,-0.2063807249069214,0.21663248538970947,-0.0234375,0.2179691344499588,0.3055015206336975,0.0234375,0.2057323008775711,0.21255356073379517,0.0234375,0.2179691344499588,0.3055015206336975,-0.0234375,0.2057323008775711,0.21255356073379517,-0.0234375,0.0630558580160141,0.3258962035179138,-0.0234375,0.0508190356194973,0.23294824361801147,-0.0234375,0.0630558580160141,0.3258962035179138,0.0234375,0.0508190356194973,0.23294824361801147,0.0234375,0.0630558580160141,0.3258962035179138,-0.0234375,0.0630558580160141,0.3258962035179138,0.0234375,0.2179691344499588,0.3055015206336975,-0.0234375,0.2179691344499588,0.3055015206336975,0.0234375,0.0508190356194973,0.23294824361801147,0.0234375,0.0508190356194973,0.23294824361801147,-0.0234375,0.2057323008775711,0.21255356073379517,0.0234375,0.2057323008775711,0.21255356073379517,-0.0234375,0.0630558580160141,0.3258962035179138,0.0234375,0.0508190356194973,0.23294824361801147,0.0234375,0.2179691344499588,0.3055015206336975,0.0234375,0.2057323008775711,0.21255356073379517,0.0234375,0.2179691344499588,0.3055015206336975,-0.0234375,0.2057323008775711,0.21255356073379517,-0.0234375,0.0630558580160141,0.3258962035179138,-0.0234375,0.0508190356194973,0.23294824361801147,-0.0234375,-0.18337911367416382,0.2827000617980957,-0.004085393622517586,-0.18337911367416382,0.2827000617980957,-0.004085393622517586,-0.1711423099040985,0.18975210189819336,-0.004085458815097809,-0.30683815479278564,0.26644641160964966,-0.014979835599660873,-0.30683815479278564,0.26644641160964966,-0.014979835599660873,-0.29460135102272034,0.17349845170974731,-0.014979900792241096,-0.18337911367416382,0.2827000617980957,-0.004085393622517586,-0.30683815479278564,0.26644641160964966,-0.014979835599660873,-0.18337911367416382,0.2827000617980957,-0.004085393622517586,-0.1711423099040985,0.18975210189819336,-0.004085458815097809,-0.29460135102272034,0.17349845170974731,-0.014979900792241096,-0.1711423099040985,0.18975210189819336,-0.004085458815097809,-0.29460135102272034,0.17349845170974731,-0.014979900792241096,-0.30683815479278564,0.26644641160964966,-0.014979835599660873,-0.18337911367416382,0.2827000617980957,-0.004085393622517586,-0.1711423099040985,0.18975210189819336,-0.004085458815097809,0.30683812499046326,0.26228201389312744,0,0.30683812499046326,0.26228201389312744,0,0.29460129141807556,0.1693340539932251,0,0.18290753662586212,0.27859777212142944,0,0.18290753662586212,0.27859777212142944,0,0.17067070305347443,0.1856498122215271,0,0.30683812499046326,0.26228201389312744,0,0.18290753662586212,0.27859777212142944,0,0.30683812499046326,0.26228201389312744,0,0.29460129141807556,0.1693340539932251,0,0.17067070305347443,0.1856498122215271,0,0.29460129141807556,0.1693340539932251,0,0.17067070305347443,0.1856498122215271,0,0.18290753662586212,0.27859777212142944,0,0.30683812499046326,0.26228201389312744,0,0.29460129141807556,0.1693340539932251,0],"indices":[0,1,2,1,3,2,4,5,6,5,7,6,8,9,10,9,11,10,12,13,14,13,15,14,16,17,18,17,19,18,20,21,22,21,23,22,24,25,26,25,27,26,28,29,30,29,31,30,32,33,34,33,35,34,36,37,38,37,39,38,40,41,42,41,43,42,44,45,46,45,47,46,48,49,50,49,51,50,52,53,54,53,55,54,56,57,58,57,59,58,60,61,62,61,63,62,64,65,66,65,67,66,68,69,70,69,71,70,72,73,74,73,75,74,76,77,78,77,79,78,80,81,82,81,83,82,84,85,86,85,87,86,88,89,90,89,91,90,92,93,94,93,95,94,96,97,98,96,98,98,99,100,101,99,101,101,102,103,104,102,104,103,105,106,107,105,107,106,108,109,110,108,110,111,112,113,114,112,114,114,115,116,117,115,117,117,118,119,120,118,120,119,121,122,123,121,123,122,124,125,126,124,126,127]},"optimizedModelData":{"":{"meshCount":1},"-named-nodes":{"meshCount":6},"-no-animations":{"meshCount":1}}}