{"schemaVersion":4,"source":{"uri":"models/Pets/Snapper/snapper.gltf","sha256":"793247763ae7e5455752ac7b2f6d00617686bd327ecc13ad8dd8c7132bbe1d3b"},"animationNames":["idle","walk"],"boundingBox":{"min":{"x":-0.59375,"y":0.09375,"z":-1},"max":{"x":0.59375,"y":1,"z":1.1875}},"nodeNames":["cube","cube","cube","cube","tail","cube","head","cube","left_fin","cube","right_fin","cube","top_fin","body","snapper"],"trimesh":{"vertices":[0.21875,0.375,0.4375,0.21875,-0.125,0.4375,0.21875,0.375,-0.1875,0.21875,-0.125,-0.1875,-0.21875,0.375,-0.1875,-0.21875,-0.125,-0.1875,-0.21875,0.375,0.4375,-0.21875,-0.125,0.4375,-0.21875,0.375,-0.1875,-0.21875,0.375,0.4375,0.21875,0.375,-0.1875,0.21875,0.375,0.4375,-0.21875,-0.125,0.4375,-0.21875,-0.125,-0.1875,0.21875,-0.125,0.4375,0.21875,-0.125,-0.1875,-0.21875,0.375,0.4375,-0.21875,-0.125,0.4375,0.21875,0.375,0.4375,0.21875,-0.125,0.4375,0.21875,0.375,-0.1875,0.21875,-0.125,-0.1875,-0.21875,0.375,-0.1875,-0.21875,-0.125,-0.1875,0.21875,0.4375,-0.1875,0.21875,-0.125,-0.1875,0.21875,0.4375,-0.6875,0.21875,-0.125,-0.6875,-0.21875,0.4375,-0.6875,-0.21875,-0.125,-0.6875,-0.21875,0.4375,-0.1875,-0.21875,-0.125,-0.1875,-0.21875,0.4375,-0.6875,-0.21875,0.4375,-0.1875,0.21875,0.4375,-0.6875,0.21875,0.4375,-0.1875,-0.21875,-0.125,-0.1875,-0.21875,-0.125,-0.6875,0.21875,-0.125,-0.1875,0.21875,-0.125,-0.6875,-0.21875,0.4375,-0.1875,-0.21875,-0.125,-0.1875,0.21875,0.4375,-0.1875,0.21875,-0.125,-0.1875,0.21875,0.4375,-0.6875,0.21875,-0.125,-0.6875,-0.21875,0.4375,-0.6875,-0.21875,-0.125,-0.6875,0.09375,0.28125,-0.1875,0.09375,-0.03125,-0.1875,0.09375,0.28125,-0.625,0.09375,-0.03125,-0.625,-0.09375,0.28125,-0.625,-0.09375,-0.03125,-0.625,-0.09375,0.28125,-0.1875,-0.09375,-0.03125,-0.1875,-0.09375,0.28125,-0.625,-0.09375,0.28125,-0.1875,0.09375,0.28125,-0.625,0.09375,0.28125,-0.1875,-0.09375,-0.03125,-0.1875,-0.09375,-0.03125,-0.625,0.09375,-0.03125,-0.1875,0.09375,-0.03125,-0.625,-0.09375,0.28125,-0.1875,-0.09375,-0.03125,-0.1875,0.09375,0.28125,-0.1875,0.09375,-0.03125,-0.1875,0.09375,0.28125,-0.625,0.09375,-0.03125,-0.625,-0.09375,0.28125,-0.625,-0.09375,-0.03125,-0.625,0,-0.21875,0.125,0,0.46875,0.125,0,0.46875,-0.4375,0,-0.21875,-0.4375,0,0.46875,-0.4375,0,0.46875,-0.4375,0,0.46875,0.125,0,-0.21875,0.125,0,-0.21875,0.125,0,-0.21875,-0.4375,0,0.46875,0.125,0,0.46875,0.125,0,-0.21875,0.125,0,-0.21875,-0.4375,0.125,0.25,0,0.125,-0.1875,0,0.125,0.25,-0.3125,0.125,-0.1875,-0.3125,-0.125,0.25,-0.3125,-0.125,-0.1875,-0.3125,-0.125,0.25,0,-0.125,-0.1875,0,-0.125,0.25,-0.3125,-0.125,0.25,0,0.125,0.25,-0.3125,0.125,0.25,0,-0.125,-0.1875,0,-0.125,-0.1875,-0.3125,0.125,-0.1875,0,0.125,-0.1875,-0.3125,-0.125,0.25,0,-0.125,-0.1875,0,0.125,0.25,0,0.125,-0.1875,0,0.125,0.25,-0.3125,0.125,-0.1875,-0.3125,-0.125,0.25,-0.3125,-0.125,-0.1875,-0.3125,0.0625,0,-0.0625,0.0625,0,0.4375,0.0625,0,-0.0625,0.0625,0,0.4375,0.0625,0,-0.0625,-0.3125,0,-0.0625,-0.3125,0,0.4375,-0.0625,0,0.4375,-0.0625,0,-0.0625,-0.0625,0,0.4375,0.3125,0,-0.0625,-0.0625,0,-0.0625,-0.0625,0,0.4375,0.3125,0,0.4375,0,0.375,0.4375,0,0.6875,0.4375,0,0.6875,-0.3125,0,0.375,-0.3125,0,0.6875,-0.3125,0,0.6875,-0.3125,0,0.6875,0.4375,0,0.375,0.4375,0,0.375,0.4375,0,0.375,-0.3125,0,0.6875,0.4375,0,0.6875,0.4375,0,0.375,0.4375,0,0.375,-0.3125],"indices":[0,1,2,1,3,2,4,5,6,5,7,6,8,9,10,9,11,10,12,13,14,13,15,14,16,17,18,17,19,18,20,21,22,21,23,22,24,25,26,25,27,26,28,29,30,29,31,30,32,33,34,33,35,34,36,37,38,37,39,38,40,41,42,41,43,42,44,45,46,45,47,46,48,49,50,49,51,50,52,53,54,53,55,54,56,57,58,57,59,58,60,61,62,61,63,62,64,65,66,65,67,66,68,69,70,69,71,70,72,73,74,72,74,75,76,77,78,76,78,78,79,80,81,79,81,81,82,83,84,82,84,84,76,77,85,76,85,85,86,87,88,87,89,88,90,91,92,91,93,92,94,95,96,95,97,96,98,99,100,99,101,100,102,103,104,103,105,104,106,107,108,107,109,108,110,111,112,110,112,111,113,114,115,113,115,116,117,118,118,117,118,119,120,121,122,120,122,123,124,125,126,124,126,127,128,129,130,128,130,130,131,132,133,131,133,133,134,135,136,134,136,136,128,129,137,128,137,137]},"optimizedModelData":{"":{"meshCount":6},"-named-nodes":{"meshCount":8},"-no-animations":{"meshCount":1}}}