{"schemaVersion":4,"source":{"uri":"models/Pets/FlyingFish/flying-fish.gltf","sha256":"10493516fe5b25c340447f01d9c1c118b7a50c7a230669e298a505356f226791"},"animationNames":["idle","walk"],"boundingBox":{"min":{"x":-0.46875,"y":0.0625,"z":-0.4375},"max":{"x":0.46875,"y":0.3125,"z":0.6875}},"nodeNames":["cube","cube","fin","cube","fin2","cube","cube","tail","cube","head","cube","group","cube","group2","flying_fish"],"trimesh":{"vertices":[0.09375,0.15625,0.5625,0.09375,-0.03125,0.5625,0.09375,0.15625,-0.125,0.09375,-0.03125,-0.125,-0.09375,0.15625,-0.125,-0.09375,-0.03125,-0.125,-0.09375,0.15625,0.5625,-0.09375,-0.03125,0.5625,-0.09375,0.15625,-0.125,-0.09375,0.15625,0.5625,0.09375,0.15625,-0.125,0.09375,0.15625,0.5625,-0.09375,-0.03125,0.5625,-0.09375,-0.03125,-0.125,0.09375,-0.03125,0.5625,0.09375,-0.03125,-0.125,-0.09375,0.15625,0.5625,-0.09375,-0.03125,0.5625,0.09375,0.15625,0.5625,0.09375,-0.03125,0.5625,0.09375,0.15625,-0.125,0.09375,-0.03125,-0.125,-0.09375,0.15625,-0.125,-0.09375,-0.03125,-0.125,0.09375,0.125,0,0.09375,0.125,0.375,0.09375,0.125,0,-0.28125,0.125,0.375,-0.28125,0.125,0,-0.28125,0.125,0.375,0.09375,0.125,0.375,0.09375,0.125,0,-0.28125,0.125,0,-0.28125,0.125,0.375,0.09375,0.125,0.375,-0.28125,0.125,0.375,0.09375,0.125,0.375,0.09375,0.125,0,-0.28125,0.125,0,-0.09375,0.125,0.375,-0.09375,0.125,0,-0.09375,0.125,0.375,0.28125,0.125,0,0.28125,0.125,0.375,0.28125,0.125,0,0.28125,0.125,0,-0.09375,0.125,0,-0.09375,0.125,0.375,0.28125,0.125,0.375,0.28125,0.125,0.375,-0.09375,0.125,0.375,0.28125,0.125,0.375,-0.09375,0.125,0,-0.09375,0.125,0,0.046875,0.0625,0.0625,0.046875,-0.0625,0.0625,0.046875,0.0625,-0.0625,0.046875,-0.0625,-0.0625,-0.046875,0.0625,-0.0625,-0.046875,-0.0625,-0.0625,-0.046875,0.0625,0.0625,-0.046875,-0.0625,0.0625,-0.046875,0.0625,-0.0625,-0.046875,0.0625,0.0625,0.046875,0.0625,-0.0625,0.046875,0.0625,0.0625,-0.046875,-0.0625,0.0625,-0.046875,-0.0625,-0.0625,0.046875,-0.0625,0.0625,0.046875,-0.0625,-0.0625,-0.046875,0.0625,0.0625,-0.046875,-0.0625,0.0625,0.046875,0.0625,0.0625,0.046875,-0.0625,0.0625,0.046875,0.0625,-0.0625,0.046875,-0.0625,-0.0625,-0.046875,0.0625,-0.0625,-0.046875,-0.0625,-0.0625,0.0000625000029685907,0.125,0.25,0.0000625000029685907,-0.125,0.25,0.0000625000029685907,0.125,-0.0625,0.0000625000029685907,-0.125,-0.0625,0,0.125,-0.0625,0,-0.125,-0.0625,0,0.125,0.25,0,-0.125,0.25,0,0.125,-0.0625,0,0.125,0.25,0.0000625000029685907,0.125,-0.0625,0.0000625000029685907,0.125,0.25,0,-0.125,0.25,0,-0.125,-0.0625,0.0000625000029685907,-0.125,0.25,0.0000625000029685907,-0.125,-0.0625,0,0.125,0.25,0,-0.125,0.25,0.0000625000029685907,0.125,0.25,0.0000625000029685907,-0.125,0.25,0.0000625000029685907,0.125,-0.0625,0.0000625000029685907,-0.125,-0.0625,0,0.125,-0.0625,0,-0.125,-0.0625,0.0625,0.1393750011920929,0.3125,0.0625,-0.016875000670552254,0.3125,0.0625,0.1393750011920929,0.1875,0.0625,-0.016875000670552254,0.1875,-0.0625,0.1393750011920929,0.1875,-0.0625,-0.016875000670552254,0.1875,-0.0625,0.1393750011920929,0.3125,-0.0625,-0.016875000670552254,0.3125,-0.0625,0.1393750011920929,0.1875,-0.0625,0.1393750011920929,0.3125,0.0625,0.1393750011920929,0.1875,0.0625,0.1393750011920929,0.3125,-0.0625,-0.016875000670552254,0.3125,-0.0625,-0.016875000670552254,0.1875,0.0625,-0.016875000670552254,0.3125,0.0625,-0.016875000670552254,0.1875,-0.0625,0.1393750011920929,0.3125,-0.0625,-0.016875000670552254,0.3125,0.0625,0.1393750011920929,0.3125,0.0625,-0.016875000670552254,0.3125,0.0625,0.1393750011920929,0.1875,0.0625,-0.016875000670552254,0.1875,-0.0625,0.1393750011920929,0.1875,-0.0625,-0.016875000670552254,0.1875,0,0,-0.125,0,0,0.125,0,0,-0.125,-0.25,0,0.125,-0.25,0,-0.125,-0.25,0,0.125,0,0,0.125,0,0,-0.125,-0.25,0,-0.125,-0.25,0,0.125,0,0,0.125,-0.25,0,0.125,0,0,0.125,0,0,-0.125,-0.25,0,-0.125,0,0,0.125,0,0,-0.125,0,0,0.125,0.25,0,-0.125,0.25,0,0.125,0.25,0,-0.125,0.25,0,-0.125,0,0,-0.125,0,0,0.125,0.25,0,0.125,0.25,0,0.125,0,0,0.125,0.25,0,0.125,0,0,-0.125,0,0,-0.125],"indices":[0,1,2,1,3,2,4,5,6,5,7,6,8,9,10,9,11,10,12,13,14,13,15,14,16,17,18,17,19,18,20,21,22,21,23,22,24,25,26,24,26,25,27,28,29,27,29,28,30,31,32,30,32,33,34,35,36,34,36,35,28,37,38,28,38,37,39,40,40,39,40,41,42,43,43,42,43,44,45,46,47,45,47,48,49,50,50,49,50,51,52,42,42,52,42,53,54,55,56,55,57,56,58,59,60,59,61,60,62,63,64,63,65,64,66,67,68,67,69,68,70,71,72,71,73,72,74,75,76,75,77,76,78,79,80,79,81,80,82,83,84,83,85,84,86,87,88,87,89,88,90,91,92,91,93,92,94,95,96,95,97,96,98,99,100,99,101,100,102,103,104,103,105,104,106,107,108,107,109,108,110,111,112,111,113,112,114,115,116,115,117,116,118,119,120,119,121,120,122,123,124,123,125,124,126,127,128,126,128,127,129,130,131,129,131,130,132,133,134,132,134,135,136,137,138,136,138,137,130,139,140,130,140,139,141,142,142,141,142,143,144,145,145,144,145,146,147,148,149,147,149,150,151,152,152,151,152,153,154,144,144,154,144,155]},"optimizedModelData":{"":{"meshCount":7},"-named-nodes":{"meshCount":8},"-no-animations":{"meshCount":1}}}