{"schemaVersion":4,"source":{"uri":"models/15 Minute Reward Pets/Bat/bat.gltf","sha256":"a3fb63eb7a8e465c1a55ffa8526d4e7e9b3fe16860ce8ff4d24da35b6dcf8133"},"animationNames":["idle","fly","hanging"],"boundingBox":{"min":{"x":-1.09375,"y":0,"z":-0.1875},"max":{"x":1.09375,"y":1.1875,"z":0.1875}},"nodeNames":["cube","cube","cube","wing_right","wings_right_ext","cube","wing_left","wings_left_ext","wings","cube","cube","ear_left","cube","ear_right","head","head_ext","body","body_orbit","root",""],"trimesh":{"vertices":[0.125,0.5625,0,0.125,0.25,0,0.125,0.5625,-0.25,0.125,0.25,-0.25,-0.1875,0.5625,-0.25,-0.1875,0.25,-0.25,-0.1875,0.5625,0,-0.1875,0.25,0,-0.1875,0.5625,-0.25,-0.1875,0.5625,0,0.125,0.5625,-0.25,0.125,0.5625,0,-0.1875,0.25,0,-0.1875,0.25,-0.25,0.125,0.25,0,0.125,0.25,-0.25,-0.1875,0.5625,0,-0.1875,0.25,0,0.125,0.5625,0,0.125,0.25,0,0.125,0.5625,-0.25,0.125,0.25,-0.25,-0.1875,0.5625,-0.25,-0.1875,0.25,-0.25,0.09375,0.25,-0.1249374970793724,0.09375,0,-0.1249374970793724,0.09375,0.25,-0.125,0.09375,0,-0.125,-0.15625,0.25,-0.125,-0.15625,0,-0.125,-0.15625,0.25,-0.1249374970793724,-0.15625,0,-0.1249374970793724,-0.15625,0.25,-0.125,-0.15625,0.25,-0.1249374970793724,0.09375,0.25,-0.125,0.09375,0.25,-0.1249374970793724,-0.15625,0,-0.1249374970793724,-0.15625,0,-0.125,0.09375,0,-0.1249374970793724,0.09375,0,-0.125,-0.15625,0.25,-0.1249374970793724,-0.15625,0,-0.1249374970793724,0.09375,0.25,-0.1249374970793724,0.09375,0,-0.1249374970793724,0.09375,0.25,-0.125,0.09375,0,-0.125,-0.15625,0.25,-0.125,-0.15625,0,-0.125,1.125,1.1875,-0.1249374970793724,1.125,0.125,-0.1249374970793724,1.125,1.1875,-0.125,1.125,0.125,-0.125,0.1875,1.1875,-0.125,0.1875,0.125,-0.125,0.1875,1.1875,-0.1249374970793724,0.1875,0.125,-0.1249374970793724,0.1875,1.1875,-0.125,0.1875,1.1875,-0.1249374970793724,1.125,1.1875,-0.125,1.125,1.1875,-0.1249374970793724,0.1875,0.125,-0.1249374970793724,0.1875,0.125,-0.125,1.125,0.125,-0.1249374970793724,1.125,0.125,-0.125,0.1875,1.1875,-0.1249374970793724,0.1875,0.125,-0.1249374970793724,1.125,1.1875,-0.1249374970793724,1.125,0.125,-0.1249374970793724,1.125,1.1875,-0.125,1.125,0.125,-0.125,0.1875,1.1875,-0.125,0.1875,0.125,-0.125,-0.1875,1.1875,-0.1249374970793724,-0.1875,0.125,-0.1249374970793724,-0.1875,1.1875,-0.125,-0.1875,0.125,-0.125,-1.125,1.1875,-0.125,-1.125,0.125,-0.125,-1.125,1.1875,-0.1249374970793724,-1.125,0.125,-0.1249374970793724,-1.125,1.1875,-0.125,-1.125,1.1875,-0.1249374970793724,-0.1875,1.1875,-0.125,-0.1875,1.1875,-0.1249374970793724,-1.125,0.125,-0.1249374970793724,-1.125,0.125,-0.125,-0.1875,0.125,-0.1249374970793724,-0.1875,0.125,-0.125,-1.125,1.1875,-0.1249374970793724,-1.125,0.125,-0.1249374970793724,-0.1875,1.1875,-0.1249374970793724,-0.1875,0.125,-0.1249374970793724,-0.1875,1.1875,-0.125,-0.1875,0.125,-0.125,-1.125,1.1875,-0.125,-1.125,0.125,-0.125,0.1875,0.4375,0.0625,0.1875,0.0625,0.0625,0.1875,0.4375,-0.3125,0.1875,0.0625,-0.3125,-0.25,0.4375,-0.3125,-0.25,0.0625,-0.3125,-0.25,0.4375,0.0625,-0.25,0.0625,0.0625,-0.25,0.4375,-0.3125,-0.25,0.4375,0.0625,0.1875,0.4375,-0.3125,0.1875,0.4375,0.0625,-0.25,0.0625,0.0625,-0.25,0.0625,-0.3125,0.1875,0.0625,0.0625,0.1875,0.0625,-0.3125,-0.25,0.4375,0.0625,-0.25,0.0625,0.0625,0.1875,0.4375,0.0625,0.1875,0.0625,0.0625,0.1875,0.4375,-0.3125,0.1875,0.0625,-0.3125,-0.25,0.4375,-0.3125,-0.25,0.0625,-0.3125,0.0625,0.3125,-0.187437504529953,0.0625,-0.125,-0.187437504529953,0.0625,0.3125,-0.1875,0.0625,-0.125,-0.1875,-0.1875,0.3125,-0.1875,-0.1875,-0.125,-0.1875,-0.1875,0.3125,-0.187437504529953,-0.1875,-0.125,-0.187437504529953,-0.1875,0.3125,-0.1875,-0.1875,0.3125,-0.187437504529953,0.0625,0.3125,-0.1875,0.0625,0.3125,-0.187437504529953,-0.1875,-0.125,-0.187437504529953,-0.1875,-0.125,-0.1875,0.0625,-0.125,-0.187437504529953,0.0625,-0.125,-0.1875,-0.1875,0.3125,-0.187437504529953,-0.1875,-0.125,-0.187437504529953,0.0625,0.3125,-0.187437504529953,0.0625,-0.125,-0.187437504529953,0.0625,0.3125,-0.1875,0.0625,-0.125,-0.1875,-0.1875,0.3125,-0.1875,-0.1875,-0.125,-0.1875,0.1875,0.28125,0.0000625000029685907,0.1875,-0.15625,0.0000625000029685907,0.1875,0.28125,0,0.1875,-0.15625,0,-0.0625,0.28125,0,-0.0625,-0.15625,0,-0.0625,0.28125,0.0000625000029685907,-0.0625,-0.15625,0.0000625000029685907,-0.0625,0.28125,0,-0.0625,0.28125,0.0000625000029685907,0.1875,0.28125,0,0.1875,0.28125,0.0000625000029685907,-0.0625,-0.15625,0.0000625000029685907,-0.0625,-0.15625,0,0.1875,-0.15625,0.0000625000029685907,0.1875,-0.15625,0,-0.0625,0.28125,0.0000625000029685907,-0.0625,-0.15625,0.0000625000029685907,0.1875,0.28125,0.0000625000029685907,0.1875,-0.15625,0.0000625000029685907,0.1875,0.28125,0,0.1875,-0.15625,0,-0.0625,0.28125,0,-0.0625,-0.15625,0],"indices":[0,1,2,1,3,2,4,5,6,5,7,6,8,9,10,9,11,10,12,13,14,13,15,14,16,17,18,17,19,18,20,21,22,21,23,22,24,25,26,25,27,26,28,29,30,29,31,30,32,33,34,33,35,34,36,37,38,37,39,38,40,41,42,41,43,42,44,45,46,45,47,46,48,49,50,49,51,50,52,53,54,53,55,54,56,57,58,57,59,58,60,61,62,61,63,62,64,65,66,65,67,66,68,69,70,69,71,70,72,73,74,73,75,74,76,77,78,77,79,78,80,81,82,81,83,82,84,85,86,85,87,86,88,89,90,89,91,90,92,93,94,93,95,94,96,97,98,97,99,98,100,101,102,101,103,102,104,105,106,105,107,106,108,109,110,109,111,110,112,113,114,113,115,114,116,117,118,117,119,118,120,121,122,121,123,122,124,125,126,125,127,126,128,129,130,129,131,130,132,133,134,133,135,134,136,137,138,137,139,138,140,141,142,141,143,142,144,145,146,145,147,146,148,149,150,149,151,150,152,153,154,153,155,154,156,157,158,157,159,158,160,161,162,161,163,162,164,165,166,165,167,166]},"optimizedModelData":{"":{"meshCount":6},"-named-nodes":{"meshCount":7},"-no-animations":{"meshCount":1}}}