{"schemaVersion":4,"source":{"uri":"models/15 Minute Reward Pets/Ocelot/ocelot.gltf","sha256":"97db17a83691492dbff05eb562d52982e13b33fc305fcd54613577141f6762c7"},"animationNames":["idle","walk","run ","admiring"],"boundingBox":{"min":{"x":-0.375,"y":-0.006249999999999645,"z":-1.09375},"max":{"x":0.375,"y":1.4625000000000008,"z":1.640625}},"nodeNames":["cube","ear_right","ear_right_ext","cube","ear_left","ear_left_ext","cube","cube","head","head_ext","cube","tail","tail_ext","cube","body","cube","leg_left_front","cube","leg_right_back","cube","leg_left_back","cube","leg_right_front","legs","body_main","body_orbit","root",""],"trimesh":{"vertices":[0.125,0.234375,0.046875,0.125,0.015625,0.046875,0.125,0.234375,-0.046875,0.125,0.015625,-0.046875,-0.125,0.234375,-0.046875,-0.125,0.015625,-0.046875,-0.125,0.234375,0.046875,-0.125,0.015625,0.046875,-0.125,0.234375,-0.046875,-0.125,0.234375,0.046875,0.125,0.234375,-0.046875,0.125,0.234375,0.046875,-0.125,0.015625,0.046875,-0.125,0.015625,-0.046875,0.125,0.015625,0.046875,0.125,0.015625,-0.046875,-0.125,0.234375,0.046875,-0.125,0.015625,0.046875,0.125,0.234375,0.046875,0.125,0.015625,0.046875,0.125,0.234375,-0.046875,0.125,0.015625,-0.046875,-0.125,0.234375,-0.046875,-0.125,0.015625,-0.046875,0.125,0.234375,0.046875,0.125,0.015625,0.046875,0.125,0.234375,-0.046875,0.125,0.015625,-0.046875,-0.125,0.234375,-0.046875,-0.125,0.015625,-0.046875,-0.125,0.234375,0.046875,-0.125,0.015625,0.046875,-0.125,0.234375,-0.046875,-0.125,0.234375,0.046875,0.125,0.234375,-0.046875,0.125,0.234375,0.046875,-0.125,0.015625,0.046875,-0.125,0.015625,-0.046875,0.125,0.015625,0.046875,0.125,0.015625,-0.046875,-0.125,0.234375,0.046875,-0.125,0.015625,0.046875,0.125,0.234375,0.046875,0.125,0.015625,0.046875,0.125,0.234375,-0.046875,0.125,0.015625,-0.046875,-0.125,0.234375,-0.046875,-0.125,0.015625,-0.046875,0.53125,1.15625,0.125,0.53125,0.90625,0.125,0.53125,1.15625,0,0.53125,0.90625,0,0.15625,1.15625,0,0.15625,0.90625,0,0.15625,1.15625,0.125,0.15625,0.90625,0.125,0.15625,1.15625,0,0.15625,1.15625,0.125,0.53125,1.15625,0,0.53125,1.15625,0.125,0.15625,0.90625,0.125,0.15625,0.90625,0,0.53125,0.90625,0.125,0.53125,0.90625,0,0.15625,1.15625,0.125,0.15625,0.90625,0.125,0.53125,1.15625,0.125,0.53125,0.90625,0.125,0.53125,1.15625,0,0.53125,0.90625,0,0.15625,1.15625,0,0.15625,0.90625,0,0.71875,1.53125,0.75,0.71875,0.90625,0.75,0.71875,1.53125,0.125,0.71875,0.90625,0.125,-0.03125,1.53125,0.125,-0.03125,0.90625,0.125,-0.03125,1.53125,0.75,-0.03125,0.90625,0.75,-0.03125,1.53125,0.125,-0.03125,1.53125,0.75,0.71875,1.53125,0.125,0.71875,1.53125,0.75,-0.03125,0.90625,0.75,-0.03125,0.90625,0.125,0.71875,0.90625,0.75,0.71875,0.90625,0.125,-0.03125,1.53125,0.75,-0.03125,0.90625,0.75,0.71875,1.53125,0.75,0.71875,0.90625,0.75,0.71875,1.53125,0.125,0.71875,0.90625,0.125,-0.03125,1.53125,0.125,-0.03125,0.90625,0.125,0.25,1.53125,0.375,0.25,1.28125,0.375,0.25,1.53125,-0.5625,0.25,1.28125,-0.5625,0,1.53125,-0.5625,0,1.28125,-0.5625,0,1.53125,0.375,0,1.28125,0.375,0,1.53125,-0.5625,0,1.53125,0.375,0.25,1.53125,-0.5625,0.25,1.53125,0.375,0,1.28125,0.375,0,1.28125,-0.5625,0.25,1.28125,0.375,0.25,1.28125,-0.5625,0,1.53125,0.375,0,1.28125,0.375,0.25,1.53125,0.375,0.25,1.28125,0.375,0.25,1.53125,-0.5625,0.25,1.28125,-0.5625,0,1.53125,-0.5625,0,1.28125,-0.5625,0.484375,1.34375,0.5,0.484375,0.71875,0.5,0.484375,1.34375,-0.6875,0.484375,0.71875,-0.6875,-0.171875,1.34375,-0.6875,-0.171875,0.71875,-0.6875,-0.171875,1.34375,0.5,-0.171875,0.71875,0.5,-0.171875,1.34375,-0.6875,-0.171875,1.34375,0.5,0.484375,1.34375,-0.6875,0.484375,1.34375,0.5,-0.171875,0.71875,0.5,-0.171875,0.71875,-0.6875,0.484375,0.71875,0.5,0.484375,0.71875,-0.6875,-0.171875,1.34375,0.5,-0.171875,0.71875,0.5,0.484375,1.34375,0.5,0.484375,0.71875,0.5,0.484375,1.34375,-0.6875,0.484375,0.71875,-0.6875,-0.171875,1.34375,-0.6875,-0.171875,0.71875,-0.6875,-0.234375,1.71875,-0.25,-0.234375,1.21875,-0.25,-0.234375,1.71875,-0.5625,-0.234375,1.21875,-0.5625,-0.484375,1.71875,-0.5625,-0.484375,1.21875,-0.5625,-0.484375,1.71875,-0.25,-0.484375,1.21875,-0.25,-0.484375,1.71875,-0.5625,-0.484375,1.71875,-0.25,-0.234375,1.71875,-0.5625,-0.234375,1.71875,-0.25,-0.484375,1.21875,-0.25,-0.484375,1.21875,-0.5625,-0.234375,1.21875,-0.25,-0.234375,1.21875,-0.5625,-0.484375,1.71875,-0.25,-0.484375,1.21875,-0.25,-0.234375,1.71875,-0.25,-0.234375,1.21875,-0.25,-0.234375,1.71875,-0.5625,-0.234375,1.21875,-0.5625,-0.484375,1.71875,-0.5625,-0.484375,1.21875,-0.5625,0.546875,1.71875,-0.25,0.546875,1.21875,-0.25,0.546875,1.71875,-0.5625,0.546875,1.21875,-0.5625,0.296875,1.71875,-0.5625,0.296875,1.21875,-0.5625,0.296875,1.71875,-0.25,0.296875,1.21875,-0.25,0.296875,1.71875,-0.5625,0.296875,1.71875,-0.25,0.546875,1.71875,-0.5625,0.546875,1.71875,-0.25,0.296875,1.21875,-0.25,0.296875,1.21875,-0.5625,0.546875,1.21875,-0.25,0.546875,1.21875,-0.5625,0.296875,1.71875,-0.25,0.296875,1.21875,-0.25,0.546875,1.71875,-0.25,0.546875,1.21875,-0.25,0.546875,1.71875,-0.5625,0.546875,1.21875,-0.5625,0.296875,1.71875,-0.5625,0.296875,1.21875,-0.5625,-0.234375,1.71875,-0.25,-0.234375,1.21875,-0.25,-0.234375,1.71875,-0.5625,-0.234375,1.21875,-0.5625,-0.484375,1.71875,-0.5625,-0.484375,1.21875,-0.5625,-0.484375,1.71875,-0.25,-0.484375,1.21875,-0.25,-0.484375,1.71875,-0.5625,-0.484375,1.71875,-0.25,-0.234375,1.71875,-0.5625,-0.234375,1.71875,-0.25,-0.484375,1.21875,-0.25,-0.484375,1.21875,-0.5625,-0.234375,1.21875,-0.25,-0.234375,1.21875,-0.5625,-0.484375,1.71875,-0.25,-0.484375,1.21875,-0.25,-0.234375,1.71875,-0.25,-0.234375,1.21875,-0.25,-0.234375,1.71875,-0.5625,-0.234375,1.21875,-0.5625,-0.484375,1.71875,-0.5625,-0.484375,1.21875,-0.5625,0.546875,1.71875,-0.25,0.546875,1.21875,-0.25,0.546875,1.71875,-0.5625,0.546875,1.21875,-0.5625,0.296875,1.71875,-0.5625,0.296875,1.21875,-0.5625,0.296875,1.71875,-0.25,0.296875,1.21875,-0.25,0.296875,1.71875,-0.5625,0.296875,1.71875,-0.25,0.546875,1.71875,-0.5625,0.546875,1.71875,-0.25,0.296875,1.21875,-0.25,0.296875,1.21875,-0.5625,0.546875,1.21875,-0.25,0.546875,1.21875,-0.5625,0.296875,1.71875,-0.25,0.296875,1.21875,-0.25,0.546875,1.71875,-0.25,0.546875,1.21875,-0.25,0.546875,1.71875,-0.5625,0.546875,1.21875,-0.5625,0.296875,1.71875,-0.5625,0.296875,1.21875,-0.5625],"indices":[0,1,2,1,3,2,4,5,6,5,7,6,8,9,10,9,11,10,12,13,14,13,15,14,16,17,18,17,19,18,20,21,22,21,23,22,24,25,26,25,27,26,28,29,30,29,31,30,32,33,34,33,35,34,36,37,38,37,39,38,40,41,42,41,43,42,44,45,46,45,47,46,48,49,50,49,51,50,52,53,54,53,55,54,56,57,58,57,59,58,60,61,62,61,63,62,64,65,66,65,67,66,68,69,70,69,71,70,72,73,74,73,75,74,76,77,78,77,79,78,80,81,82,81,83,82,84,85,86,85,87,86,88,89,90,89,91,90,92,93,94,93,95,94,96,97,98,97,99,98,100,101,102,101,103,102,104,105,106,105,107,106,108,109,110,109,111,110,112,113,114,113,115,114,116,117,118,117,119,118,120,121,122,121,123,122,124,125,126,125,127,126,128,129,130,129,131,130,132,133,134,133,135,134,136,137,138,137,139,138,140,141,142,141,143,142,144,145,146,145,147,146,148,149,150,149,151,150,152,153,154,153,155,154,156,157,158,157,159,158,160,161,162,161,163,162,164,165,166,165,167,166,168,169,170,169,171,170,172,173,174,173,175,174,176,177,178,177,179,178,180,181,182,181,183,182,184,185,186,185,187,186,188,189,190,189,191,190,192,193,194,193,195,194,196,197,198,197,199,198,200,201,202,201,203,202,204,205,206,205,207,206,208,209,210,209,211,210,212,213,214,213,215,214,216,217,218,217,219,218,220,221,222,221,223,222,224,225,226,225,227,226,228,229,230,229,231,230,232,233,234,233,235,234,236,237,238,237,239,238]},"optimizedModelData":{"":{"meshCount":9},"-named-nodes":{"meshCount":10},"-no-animations":{"meshCount":1}}}