{"schemaVersion":4,"source":{"uri":"models/Pets/Tuna/tuna.gltf","sha256":"b67bf841494944fc7e6ac4170b327e708e24d6d422f22da46cfb2f554418b483"},"animationNames":["idle","walk"],"boundingBox":{"min":{"x":-0.5625,"y":-0.3125,"z":-0.75},"max":{"x":0.5625,"y":1.0625,"z":1.125}},"nodeNames":["cube","cube","cube","cube","cube","cube","cube","cube","tail","cube","head","cube","left_fin","cube","right_fin","body","tuna"],"trimesh":{"vertices":[0.25,0.5625,0.375,0.25,0,0.375,0.25,0.5625,-0.4375,0.25,0,-0.4375,-0.25,0.5625,-0.4375,-0.25,0,-0.4375,-0.25,0.5625,0.375,-0.25,0,0.375,-0.25,0.5625,-0.4375,-0.25,0.5625,0.375,0.25,0.5625,-0.4375,0.25,0.5625,0.375,-0.25,0,0.375,-0.25,0,-0.4375,0.25,0,0.375,0.25,0,-0.4375,-0.25,0.5625,0.375,-0.25,0,0.375,0.25,0.5625,0.375,0.25,0,0.375,0.25,0.5625,-0.4375,0.25,0,-0.4375,-0.25,0.5625,-0.4375,-0.25,0,-0.4375,0.125,0.4375,0.625,0.125,0.0625,0.625,0.125,0.4375,0.375,0.125,0.0625,0.375,-0.125,0.4375,0.375,-0.125,0.0625,0.375,-0.125,0.4375,0.625,-0.125,0.0625,0.625,-0.125,0.4375,0.375,-0.125,0.4375,0.625,0.125,0.4375,0.375,0.125,0.4375,0.625,-0.125,0.0625,0.625,-0.125,0.0625,0.375,0.125,0.0625,0.625,0.125,0.0625,0.375,-0.125,0.4375,0.625,-0.125,0.0625,0.625,0.125,0.4375,0.625,0.125,0.0625,0.625,0.125,0.4375,0.375,0.125,0.0625,0.375,-0.125,0.4375,0.375,-0.125,0.0625,0.375,0,0.5625,0.3125,0,1,0.3125,0,1,-0.4375,0,0.5625,-0.4375,0,1,-0.4375,0,1,-0.4375,0,1,0.3125,0,0.5625,0.3125,0,0.5625,0.3125,0,0.5625,-0.4375,0,1,0.3125,0,1,0.3125,0,0.5625,0.3125,0,1,-0.4375,0,1,-0.4375,0,0.5625,-0.4375,0,0.4039371609687805,0.48123180866241455,0,0.8081344366073608,0.6486557722091675,0,0.9038053154945374,0.41768592596054077,0,0.49960801005363464,0.25026190280914307,0,0.9038053154945374,0.41768592596054077,0,0.9038053154945374,0.41768592596054077,0,0.8081344366073608,0.6486557722091675,0,0.4039371609687805,0.48123180866241455,0,0.4039371609687805,0.48123180866241455,0,0.49960801005363464,0.25026190280914307,0,0.8081344366073608,0.6486557722091675,0,0.8081344366073608,0.6486557722091675,0,0.4039371609687805,0.48123180866241455,0,0.9038053154945374,0.41768592596054077,0,0.9038053154945374,0.41768592596054077,0,0.49960801005363464,0.25026190280914307,0,-0.375,0.0625,0,0,0.0625,0,0,-0.4375,0,-0.375,-0.4375,0,0,-0.4375,0,0,-0.4375,0,0,0.0625,0,-0.375,0.0625,0,-0.375,0.0625,0,-0.375,-0.4375,0,0,0.0625,0,0,0.0625,0,-0.375,0.0625,0,0,-0.4375,0,0,-0.4375,0,-0.375,-0.4375,0,-0.23476698994636536,0.6247380971908569,0,0.16943031549453735,0.45731407403945923,0,0.07375945150852203,0.22634419798851013,0,-0.3304378390312195,0.39376819133758545,0,0.07375945150852203,0.22634419798851013,0,0.07375945150852203,0.22634419798851013,0,0.16943031549453735,0.45731407403945923,0,-0.23476698994636536,0.6247380971908569,0,-0.23476698994636536,0.6247380971908569,0,-0.3304378390312195,0.39376819133758545,0,0.16943031549453735,0.45731407403945923,0,0.16943031549453735,0.45731407403945923,0,-0.23476698994636536,0.6247380971908569,0,0.07375945150852203,0.22634419798851013,0,0.07375945150852203,0.22634419798851013,0,-0.3304378390312195,0.39376819133758545,0.0625,0.375,0,0.0625,0.125,0,0.0625,0.375,-0.3125,0.0625,0.125,-0.3125,-0.0625,0.375,-0.3125,-0.0625,0.125,-0.3125,-0.0625,0.375,0,-0.0625,0.125,0,-0.0625,0.375,-0.3125,-0.0625,0.375,0,0.0625,0.375,-0.3125,0.0625,0.375,0,-0.0625,0.125,0,-0.0625,0.125,-0.3125,0.0625,0.125,0,0.0625,0.125,-0.3125,-0.0625,0.375,0,-0.0625,0.125,0,0.0625,0.375,0,0.0625,0.125,0,0.0625,0.375,-0.3125,0.0625,0.125,-0.3125,-0.0625,0.375,-0.3125,-0.0625,0.125,-0.3125,0,-0.25,0.25,0,0.75,0.25,0,0.75,-0.1875,0,-0.25,-0.1875,0,0.75,-0.1875,0,0.75,-0.1875,0,0.75,0.25,0,-0.25,0.25,0,-0.25,0.25,0,-0.25,-0.1875,0,0.75,0.25,0,0.75,0.25,0,-0.25,0.25,0,0.75,-0.1875,0,0.75,-0.1875,0,-0.25,-0.1875,0.1875,0.375,0.375,0.1875,0,0.375,0.1875,0.375,0.125,0.1875,0,0.125,-0.1875,0.375,0.125,-0.1875,0,0.125,-0.1875,0.375,0.375,-0.1875,0,0.375,-0.1875,0.375,0.125,-0.1875,0.375,0.375,0.1875,0.375,0.125,0.1875,0.375,0.375,-0.1875,0,0.375,-0.1875,0,0.125,0.1875,0,0.375,0.1875,0,0.125,-0.1875,0.375,0.375,-0.1875,0,0.375,0.1875,0.375,0.375,0.1875,0,0.375,0.1875,0.375,0.125,0.1875,0,0.125,-0.1875,0.375,0.125,-0.1875,0,0.125,0.25,0.28125,-0.4375,0.25,0.28125,0,0.25,0.28125,-0.4375,-0.0625,0.28125,0,-0.0625,0.28125,-0.4375,-0.0625,0.28125,0,0.25,0.28125,-0.4375,0.25,0.28125,0,-0.0625,0.28125,0,-0.0625,0.28125,-0.4375,0.25,0.28125,0,-0.0625,0.28125,0,0.25,0.28125,0,-0.0625,0.28125,-0.4375,0.25,0.28125,-0.4375,-0.0625,0.28125,-0.4375,-0.25,0.28125,0,-0.25,0.28125,-0.4375,-0.25,0.28125,0,0.0625,0.28125,-0.4375,0.0625,0.28125,0,0.0625,0.28125,-0.4375,0.0625,0.28125,0,-0.25,0.28125,0,-0.25,0.28125,-0.4375,0.0625,0.28125,-0.4375,0.0625,0.28125,0,-0.25,0.28125,0,0.0625,0.28125,0,-0.25,0.28125,-0.4375,0.0625,0.28125,-0.4375,-0.25,0.28125,-0.4375],"indices":[0,1,2,1,3,2,4,5,6,5,7,6,8,9,10,9,11,10,12,13,14,13,15,14,16,17,18,17,19,18,20,21,22,21,23,22,24,25,26,25,27,26,28,29,30,29,31,30,32,33,34,33,35,34,36,37,38,37,39,38,40,41,42,41,43,42,44,45,46,45,47,46,48,49,50,48,50,51,52,53,54,52,54,54,55,56,57,55,57,57,58,59,60,58,60,60,61,62,63,61,63,63,64,65,66,64,66,67,68,69,70,68,70,70,71,72,73,71,73,73,74,75,76,74,76,76,77,78,79,77,79,79,80,81,82,80,82,83,84,85,86,84,86,86,87,88,89,87,89,89,90,91,92,90,92,92,93,94,95,93,95,95,96,97,98,96,98,99,100,101,102,100,102,102,103,104,105,103,105,105,106,107,108,106,108,108,109,110,111,109,111,111,112,113,114,113,115,114,116,117,118,117,119,118,120,121,122,121,123,122,124,125,126,125,127,126,128,129,130,129,131,130,132,133,134,133,135,134,136,137,138,136,138,139,140,141,142,140,142,142,143,144,145,143,145,145,146,147,148,146,148,148,149,150,151,149,151,151,152,153,154,153,155,154,156,157,158,157,159,158,160,161,162,161,163,162,164,165,166,165,167,166,168,169,170,169,171,170,172,173,174,173,175,174,176,177,178,176,178,177,179,180,181,179,181,180,182,183,184,182,184,185,186,187,188,186,188,187,189,190,191,189,191,190,192,193,193,192,193,194,195,196,196,195,196,197,198,199,200,198,200,201,202,203,203,202,203,204,205,206,206,205,206,207]},"optimizedModelData":{"":{"meshCount":5},"-named-nodes":{"meshCount":11},"-no-animations":{"meshCount":1}}}