{"schemaVersion":4,"source":{"uri":"models/Eggs/AbyssalEgg.gltf","sha256":"096c4cf407548e503864f015083fd23be90676b19c99bc8deac486d06da48abe"},"animationNames":[],"boundingBox":{"min":{"x":-0.6382489510246931,"y":0,"z":-0.3890625014901161},"max":{"x":0.6382489510246931,"y":0.875,"z":0.3890625014901161}},"nodeNames":["cube","cube","cube","cube","cube","cube","cube","cube","cube","cube","group2","cube","cube","cube","group"],"trimesh":{"vertices":[0.2961106300354004,-0.2184787541627884,-0.14531250298023224,0.2961106300354004,-0.4372287392616272,-0.14531250298023224,0.2961106300354004,-0.2184787541627884,-0.38593751192092896,0.2961106300354004,-0.4372287392616272,-0.38593751192092896,-0.3288893699645996,-0.2184787541627884,-0.38593751192092896,-0.3288893699645996,-0.4372287392616272,-0.38593751192092896,-0.3288893699645996,-0.2184787541627884,-0.14531250298023224,-0.3288893699645996,-0.4372287392616272,-0.14531250298023224,-0.3288893699645996,-0.2184787541627884,-0.38593751192092896,-0.3288893699645996,-0.2184787541627884,-0.14531250298023224,0.2961106300354004,-0.2184787541627884,-0.38593751192092896,0.2961106300354004,-0.2184787541627884,-0.14531250298023224,-0.3288893699645996,-0.4372287392616272,-0.14531250298023224,-0.3288893699645996,-0.4372287392616272,-0.38593751192092896,0.2961106300354004,-0.4372287392616272,-0.14531250298023224,0.2961106300354004,-0.4372287392616272,-0.38593751192092896,-0.3288893699645996,-0.2184787541627884,-0.14531250298023224,-0.3288893699645996,-0.4372287392616272,-0.14531250298023224,0.2961106300354004,-0.2184787541627884,-0.14531250298023224,0.2961106300354004,-0.4372287392616272,-0.14531250298023224,0.2961106300354004,-0.2184787541627884,-0.38593751192092896,0.2961106300354004,-0.4372287392616272,-0.38593751192092896,-0.3288893699645996,-0.2184787541627884,-0.38593751192092896,-0.3288893699645996,-0.4372287392616272,-0.38593751192092896,0.38942402601242065,-0.11841215938329697,-0.14218750596046448,0.5069583058357239,-0.30290403962135315,-0.14218750596046448,0.38942402601242065,-0.11841215938329697,-0.3890624940395355,0.5069583058357239,-0.30290403962135315,-0.3890624940395355,0.17857615649700165,-0.2527370750904083,-0.3890624940395355,0.29611045122146606,-0.4372289478778839,-0.3890624940395355,0.17857615649700165,-0.2527370750904083,-0.14218750596046448,0.29611045122146606,-0.4372289478778839,-0.14218750596046448,0.17857615649700165,-0.2527370750904083,-0.3890624940395355,0.17857615649700165,-0.2527370750904083,-0.14218750596046448,0.38942402601242065,-0.11841215938329697,-0.3890624940395355,0.38942402601242065,-0.11841215938329697,-0.14218750596046448,0.29611045122146606,-0.4372289478778839,-0.14218750596046448,0.29611045122146606,-0.4372289478778839,-0.3890624940395355,0.5069583058357239,-0.30290403962135315,-0.14218750596046448,0.5069583058357239,-0.30290403962135315,-0.3890624940395355,0.17857615649700165,-0.2527370750904083,-0.14218750596046448,0.29611045122146606,-0.4372289478778839,-0.14218750596046448,0.38942402601242065,-0.11841215938329697,-0.14218750596046448,0.5069583058357239,-0.30290403962135315,-0.14218750596046448,0.38942402601242065,-0.11841215938329697,-0.3890624940395355,0.5069583058357239,-0.30290403962135315,-0.3890624940395355,0.17857615649700165,-0.2527370750904083,-0.3890624940395355,0.29611045122146606,-0.4372289478778839,-0.3890624940395355,-0.13001586496829987,-0.238355353474617,-0.14218750596046448,-0.3288896381855011,-0.43722912669181824,-0.14218750596046448,-0.13001586496829987,-0.238355353474617,-0.3890624940395355,-0.3288896381855011,-0.43722912669181824,-0.3890624940395355,-0.3509867191314697,-0.017384495586156845,-0.3890624940395355,-0.5498605370521545,-0.21625827252864838,-0.3890624940395355,-0.3509867191314697,-0.017384495586156845,-0.14218750596046448,-0.5498605370521545,-0.21625827252864838,-0.14218750596046448,-0.3509867191314697,-0.017384495586156845,-0.3890624940395355,-0.3509867191314697,-0.017384495586156845,-0.14218750596046448,-0.13001586496829987,-0.238355353474617,-0.3890624940395355,-0.13001586496829987,-0.238355353474617,-0.14218750596046448,-0.5498605370521545,-0.21625827252864838,-0.14218750596046448,-0.5498605370521545,-0.21625827252864838,-0.3890624940395355,-0.3288896381855011,-0.43722912669181824,-0.14218750596046448,-0.3288896381855011,-0.43722912669181824,-0.3890624940395355,-0.3509867191314697,-0.017384495586156845,-0.14218750596046448,-0.5498605370521545,-0.21625827252864838,-0.14218750596046448,-0.13001586496829987,-0.238355353474617,-0.14218750596046448,-0.3288896381855011,-0.43722912669181824,-0.14218750596046448,-0.13001586496829987,-0.238355353474617,-0.3890624940395355,-0.3288896381855011,-0.43722912669181824,-0.3890624940395355,-0.3509867191314697,-0.017384495586156845,-0.3890624940395355,-0.5498605370521545,-0.21625827252864838,-0.3890624940395355,0.3509867489337921,-0.017384495586156845,0.3890624940395355,0.5498605370521545,-0.21625827252864838,0.3890624940395355,0.3509867489337921,-0.017384495586156845,0.14218750596046448,0.5498605370521545,-0.21625827252864838,0.14218750596046448,0.13001586496829987,-0.238355353474617,0.14218750596046448,0.3288896679878235,-0.43722912669181824,0.14218750596046448,0.13001586496829987,-0.238355353474617,0.3890624940395355,0.3288896679878235,-0.43722912669181824,0.3890624940395355,0.13001586496829987,-0.238355353474617,0.14218750596046448,0.13001586496829987,-0.238355353474617,0.3890624940395355,0.3509867489337921,-0.017384495586156845,0.14218750596046448,0.3509867489337921,-0.017384495586156845,0.3890624940395355,0.3288896679878235,-0.43722912669181824,0.3890624940395355,0.3288896679878235,-0.43722912669181824,0.14218750596046448,0.5498605370521545,-0.21625827252864838,0.3890624940395355,0.5498605370521545,-0.21625827252864838,0.14218750596046448,0.13001586496829987,-0.238355353474617,0.3890624940395355,0.3288896679878235,-0.43722912669181824,0.3890624940395355,0.3509867489337921,-0.017384495586156845,0.3890624940395355,0.5498605370521545,-0.21625827252864838,0.3890624940395355,0.3509867489337921,-0.017384495586156845,0.14218750596046448,0.5498605370521545,-0.21625827252864838,0.14218750596046448,0.13001586496829987,-0.238355353474617,0.14218750596046448,0.3288896679878235,-0.43722912669181824,0.14218750596046448,0.3288893699645996,-0.2184787541627884,0.38593751192092896,0.3288893699645996,-0.4372287392616272,0.38593751192092896,0.3288893699645996,-0.2184787541627884,0.14531250298023224,0.3288893699645996,-0.4372287392616272,0.14531250298023224,-0.2961106300354004,-0.2184787541627884,0.14531250298023224,-0.2961106300354004,-0.4372287392616272,0.14531250298023224,-0.2961106300354004,-0.2184787541627884,0.38593751192092896,-0.2961106300354004,-0.4372287392616272,0.38593751192092896,-0.2961106300354004,-0.2184787541627884,0.14531250298023224,-0.2961106300354004,-0.2184787541627884,0.38593751192092896,0.3288893699645996,-0.2184787541627884,0.14531250298023224,0.3288893699645996,-0.2184787541627884,0.38593751192092896,-0.2961106300354004,-0.4372287392616272,0.38593751192092896,-0.2961106300354004,-0.4372287392616272,0.14531250298023224,0.3288893699645996,-0.4372287392616272,0.38593751192092896,0.3288893699645996,-0.4372287392616272,0.14531250298023224,-0.2961106300354004,-0.2184787541627884,0.38593751192092896,-0.2961106300354004,-0.4372287392616272,0.38593751192092896,0.3288893699645996,-0.2184787541627884,0.38593751192092896,0.3288893699645996,-0.4372287392616272,0.38593751192092896,0.3288893699645996,-0.2184787541627884,0.14531250298023224,0.3288893699645996,-0.4372287392616272,0.14531250298023224,-0.2961106300354004,-0.2184787541627884,0.14531250298023224,-0.2961106300354004,-0.4372287392616272,0.14531250298023224,-0.17857614159584045,-0.2527370750904083,0.3890624940395355,-0.29611045122146606,-0.4372289478778839,0.3890624940395355,-0.17857614159584045,-0.2527370750904083,0.14218750596046448,-0.29611045122146606,-0.4372289478778839,0.14218750596046448,-0.38942399621009827,-0.11841215938329697,0.14218750596046448,