{"schemaVersion":4,"source":{"uri":"models/Pets/Penguin/penguin.gltf","sha256":"c7bfbf225fdbb12fdf7ea1d3027f4185a333b6e4b5303e0206131deeb5872f91"},"animationNames":["idle","walk","run","admiring"],"boundingBox":{"min":{"x":-0.3125,"y":-0.004120053971336558,"z":-0.413895},"max":{"x":0.3125,"y":1.009375,"z":0.40199073535993113}},"nodeNames":["cube","cube","cube","tail2","tail","cube","left_arm","cube","right_arm","cube","cube","head","body","cube","left_leg","cube","right_leg","penguin",""],"trimesh":{"vertices":[0.3125,0.625,0.3125,0.3125,2.2551405187698492e-17,0.3125,0.3125,0.625,-0.125,0.3125,2.2551405187698492e-17,-0.125,-0.1875,0.625,-0.125,-0.1875,2.2551405187698492e-17,-0.125,-0.1875,0.625,0.3125,-0.1875,2.2551405187698492e-17,0.3125,-0.1875,0.625,-0.125,-0.1875,0.625,0.3125,0.3125,0.625,-0.125,0.3125,0.625,0.3125,-0.1875,2.2551405187698492e-17,0.3125,-0.1875,2.2551405187698492e-17,-0.125,0.3125,2.2551405187698492e-17,0.3125,0.3125,2.2551405187698492e-17,-0.125,-0.1875,0.625,0.3125,-0.1875,2.2551405187698492e-17,0.3125,0.3125,0.625,0.3125,0.3125,2.2551405187698492e-17,0.3125,0.3125,0.625,-0.125,0.3125,2.2551405187698492e-17,-0.125,-0.1875,0.625,-0.125,-0.1875,2.2551405187698492e-17,-0.125,0.1875,0.125,0.1875,0.1875,-3.469446951953614e-18,0.1875,0.1875,0.125,0.0625,0.1875,-3.469446951953614e-18,0.0625,-0.0625,0.125,0.0625,-0.0625,-3.469446951953614e-18,0.0625,-0.0625,0.125,0.1875,-0.0625,-3.469446951953614e-18,0.1875,-0.0625,0.125,0.0625,-0.0625,0.125,0.1875,0.1875,0.125,0.0625,0.1875,0.125,0.1875,-0.0625,-3.469446951953614e-18,0.1875,-0.0625,-3.469446951953614e-18,0.0625,0.1875,-3.469446951953614e-18,0.1875,0.1875,-3.469446951953614e-18,0.0625,-0.0625,0.125,0.1875,-0.0625,-3.469446951953614e-18,0.1875,0.1875,0.125,0.1875,0.1875,-3.469446951953614e-18,0.1875,0.1875,0.125,0.0625,0.1875,-3.469446951953614e-18,0.0625,-0.0625,0.125,0.0625,-0.0625,-3.469446951953614e-18,0.0625,0.1875,0.0625,0.0625,0.1875,0.0625,0.1875,0.1875,0.0625,0.0625,-0.0625,0.0625,0.1875,-0.0625,0.0625,0.0625,-0.0625,0.0625,0.1875,0.1875,0.0625,0.0625,0.1875,0.0625,0.1875,-0.0625,0.0625,0.1875,-0.0625,0.0625,0.0625,0.1875,0.0625,0.1875,-0.0625,0.0625,0.1875,0.1875,0.0625,0.1875,-0.0625,0.0625,0.0625,0.1875,0.0625,0.0625,-0.0625,0.0625,0.0625,0.3125,0.5625,0.25,0.3125,2.2551405187698492e-17,0.25,0.3125,0.5625,0,0.3125,2.2551405187698492e-17,0,0.25,0.5625,0,0.25,2.2551405187698492e-17,0,0.25,0.5625,0.25,0.25,2.2551405187698492e-17,0.25,0.25,0.5625,0,0.25,0.5625,0.25,0.3125,0.5625,0,0.3125,0.5625,0.25,0.25,2.2551405187698492e-17,0.25,0.25,2.2551405187698492e-17,0,0.3125,2.2551405187698492e-17,0.25,0.3125,2.2551405187698492e-17,0,0.25,0.5625,0.25,0.25,2.2551405187698492e-17,0.25,0.3125,0.5625,0.25,0.3125,2.2551405187698492e-17,0.25,0.3125,0.5625,0,0.3125,2.2551405187698492e-17,0,0.25,0.5625,0,0.25,2.2551405187698492e-17,0,-0.25,0.5625,0.25,-0.25,2.2551405187698492e-17,0.25,-0.25,0.5625,0,-0.25,2.2551405187698492e-17,0,-0.3125,0.5625,0,-0.3125,2.2551405187698492e-17,0,-0.3125,0.5625,0.25,-0.3125,2.2551405187698492e-17,0.25,-0.3125,0.5625,0,-0.3125,0.5625,0.25,-0.25,0.5625,0,-0.25,0.5625,0.25,-0.3125,2.2551405187698492e-17,0.25,-0.3125,2.2551405187698492e-17,0,-0.25,2.2551405187698492e-17,0.25,-0.25,2.2551405187698492e-17,0,-0.3125,0.5625,0.25,-0.3125,2.2551405187698492e-17,0.25,-0.25,0.5625,0.25,-0.25,2.2551405187698492e-17,0.25,-0.25,0.5625,0,-0.25,2.2551405187698492e-17,0,-0.3125,0.5625,0,-0.3125,2.2551405187698492e-17,0,0.25,0.375,0.25,0.25,-1.1102230246251565e-16,0.25,0.25,0.375,-0.125,0.25,-1.1102230246251565e-16,-0.125,-0.125,0.375,-0.125,-0.125,-1.1102230246251565e-16,-0.125,-0.125,0.375,0.25,-0.125,-1.1102230246251565e-16,0.25,-0.125,0.375,-0.125,-0.125,0.375,0.25,0.25,0.375,-0.125,0.25,0.375,0.25,-0.125,-1.1102230246251565e-16,0.25,-0.125,-1.1102230246251565e-16,-0.125,0.25,-1.1102230246251565e-16,0.25,0.25,-1.1102230246251565e-16,-0.125,-0.125,0.375,0.25,-0.125,-1.1102230246251565e-16,0.25,0.25,0.375,0.25,0.25,-1.1102230246251565e-16,0.25,0.25,0.375,-0.125,0.25,-1.1102230246251565e-16,-0.125,-0.125,0.375,-0.125,-0.125,-1.1102230246251565e-16,-0.125,0.125,0.1875,-0.125,0.125,0.0625,-0.125,0.125,0.1875,-0.25,0.125,0.0625,-0.25,0,0.1875,-0.25,0,0.0625,-0.25,0,0.1875,-0.125,0,0.0625,-0.125,0,0.1875,-0.25,0,0.1875,-0.125,0.125,0.1875,-0.25,0.125,0.1875,-0.125,0,0.0625,-0.125,0,0.0625,-0.25,0.125,0.0625,-0.125,0.125,0.0625,-0.25,0,0.1875,-0.125,0,0.0625,-0.125,0.125,0.1875,-0.125,0.125,0.0625,-0.125,0.125,0.1875,-0.25,0.125,0.0625,-0.25,0,0.1875,-0.25,0,0.0625,-0.25,0.0625,0,-0.1875,0.0625,0,0.0625,0.0625,0,-0.1875,-0.125,0,0.0625,-0.125,0,-0.1875,-0.125,0,0.0625,0.0625,0,-0.1875,0.0625,0,0.0625,-0.125,0,0.0625,-0.125,0,-0.1875,0.0625,0,0.0625,-0.125,0,0.0625,0.0625,0,0.0625,-0.125,0,-0.1875,0.0625,0,-0.1875,-0.125,0,-0.1875,-0.0625,0,0.0625,-0.0625,0,-0.1875,-0.0625,0,0.0625,0.125,0,-0.1875,0.125,0,0.0625,0.125,0,-0.1875,0.125,0,0.0625,-0.0625,0,0.0625,-0.0625,0,-0.1875,0.125,0,-0.1875,0.125,0,0.0625,-0.0625,0,0.0625,0.125,0,0.0625,-0.0625,0,-0.1875,0.125,0,-0.1875,-0.0625,0,-0.1875],"indices":[0,1,2,1,3,2,4,5,6,5,7,6,8,9,10,9,11,10,12,13,14,13,15,14,16,17,18,17,19,18,20,21,22,21,23,22,24,25,26,25,27,26,28,29,30,29,31,30,32,33,34,33,35,34,36,37,38,37,39,38,40,41,42,41,43,42,44,45,46,45,47,46,48,49,50,48,50,49,51,52,53,51,53,52,54,55,56,54,56,57,58,59,60,58,60,59,61,62,63,61,63,62,64,65,66,65,67,66,68,69,70,69,71,70,72,73,74,73,75,74,76,77,78,77,79,78,80,81,82,81,83,82,84,85,86,85,87,86,88,89,90,89,91,90,92,93,94,93,95,94,96,97,98,97,99,98,100,101,102,101,103,102,104,105,106,105,107,106,108,109,110,109,111,110,112,113,114,113,115,114,116,117,118,117,119,118,120,121,122,121,123,122,124,125,126,125,127,126,128,129,130,129,131,130,132,133,134,133,135,134,136,137,138,137,139,138,140,141,142,141,143,142,144,145,146,145,147,146,148,149,150,149,151,150,152,153,154,153,155,154,156,157,158,157,159,158,160,161,162,160,162,161,163,164,165,163,165,164,166,167,168,166,168,169,170,171,172,170,172,171,173,174,175,173,175,174,176,177,177,176,177,178,179,180,180,179,180,181,182,183,184,182,184,185,186,187,187,186,187,188,189,190,190,189,190,191]},"optimizedModelData":{"":{"meshCount":8},"-named-nodes":{"meshCount":9},"-no-animations":{"meshCount":1}}}