{"schemaVersion":4,"source":{"uri":"models/Pets/Spider/spider.gltf","sha256":"90a050066f236d17599515fb298dece70cb588733cca43b0c456c157d6a3a74e"},"animationNames":["idle","walk","admiring"],"boundingBox":{"min":{"x":-0.5649658845800827,"y":-0.022974192957824158,"z":-0.390625},"max":{"x":0.5649658845800827,"y":0.546875,"z":0.484375}},"nodeNames":["cube","cube","cube","cube","head","head_ext","cube","body","cube","cube","leg_left_1","cube","cube","leg_left_2","cube","cube","leg_left_3","legs_left","cube","cube","leg_right_1","cube","cube","leg_right_2","cube","cube","leg_right_3","legs_right","legs","body_main","body_orbit","root"],"trimesh":{"vertices":[0.328125,0.84375,0.578125,0.328125,0.53125,0.578125,0.328125,0.84375,0.109375,0.328125,0.53125,0.109375,-0.109375,0.84375,0.109375,-0.109375,0.53125,0.109375,-0.109375,0.84375,0.578125,-0.109375,0.53125,0.578125,-0.109375,0.84375,0.109375,-0.109375,0.84375,0.578125,0.328125,0.84375,0.109375,0.328125,0.84375,0.578125,-0.109375,0.53125,0.578125,-0.109375,0.53125,0.109375,0.328125,0.53125,0.578125,0.328125,0.53125,0.109375,-0.109375,0.84375,0.578125,-0.109375,0.53125,0.578125,0.328125,0.84375,0.578125,0.328125,0.53125,0.578125,0.328125,0.84375,0.109375,0.328125,0.53125,0.109375,-0.109375,0.84375,0.109375,-0.109375,0.53125,0.109375,0.265625,0.8125,0.171875,0.265625,0.6875,0.171875,0.265625,0.8125,0.078125,0.265625,0.6875,0.078125,0.140625,0.8125,0.078125,0.140625,0.6875,0.078125,0.140625,0.8125,0.171875,0.140625,0.6875,0.171875,0.140625,0.8125,0.078125,0.140625,0.8125,0.171875,0.265625,0.8125,0.078125,0.265625,0.8125,0.171875,0.140625,0.6875,0.171875,0.140625,0.6875,0.078125,0.265625,0.6875,0.171875,0.265625,0.6875,0.078125,0.140625,0.8125,0.171875,0.140625,0.6875,0.171875,0.265625,0.8125,0.171875,0.265625,0.6875,0.171875,0.265625,0.8125,0.078125,0.265625,0.6875,0.078125,0.140625,0.8125,0.078125,0.140625,0.6875,0.078125,0.078125,0.8125,0.171875,0.078125,0.6875,0.171875,0.078125,0.8125,0.078125,0.078125,0.6875,0.078125,-0.046875,0.8125,0.078125,-0.046875,0.6875,0.078125,-0.046875,0.8125,0.171875,-0.046875,0.6875,0.171875,-0.046875,0.8125,0.078125,-0.046875,0.8125,0.171875,0.078125,0.8125,0.078125,0.078125,0.8125,0.171875,-0.046875,0.6875,0.171875,-0.046875,0.6875,0.078125,0.078125,0.6875,0.171875,0.078125,0.6875,0.078125,-0.046875,0.8125,0.171875,-0.046875,0.6875,0.171875,0.078125,0.8125,0.171875,0.078125,0.6875,0.171875,0.078125,0.8125,0.078125,0.078125,0.6875,0.078125,-0.046875,0.8125,0.078125,-0.046875,0.6875,0.078125,0.328125,0.53125,0.1094062477350235,0.328125,0.40625,0.1094062477350235,0.328125,0.53125,0.109375,0.328125,0.40625,0.109375,-0.109375,0.53125,0.109375,-0.109375,0.40625,0.109375,-0.109375,0.53125,0.1094062477350235,-0.109375,0.40625,0.1094062477350235,-0.109375,0.53125,0.109375,-0.109375,0.53125,0.1094062477350235,0.328125,0.53125,0.109375,0.328125,0.53125,0.1094062477350235,-0.109375,0.40625,0.1094062477350235,-0.109375,0.40625,0.109375,0.328125,0.40625,0.1094062477350235,0.328125,0.40625,0.109375,-0.109375,0.53125,0.1094062477350235,-0.109375,0.40625,0.1094062477350235,0.328125,0.53125,0.1094062477350235,0.328125,0.40625,0.1094062477350235,0.328125,0.53125,0.109375,0.328125,0.40625,0.109375,-0.109375,0.53125,0.109375,-0.109375,0.40625,0.109375,0.3125,0.65625,0.5,0.3125,0.21875,0.5,0.3125,0.65625,0.09375,0.3125,0.21875,0.09375,-0.1875,0.65625,0.09375,-0.1875,0.21875,0.09375,-0.1875,0.65625,0.5,-0.1875,0.21875,0.5,-0.1875,0.65625,0.09375,-0.1875,0.65625,0.5,0.3125,0.65625,0.09375,0.3125,0.65625,0.5,-0.1875,0.21875,0.5,-0.1875,0.21875,0.09375,0.3125,0.21875,0.5,0.3125,0.21875,0.09375,-0.1875,0.65625,0.5,-0.1875,0.21875,0.5,0.3125,0.65625,0.5,0.3125,0.21875,0.5,0.3125,0.65625,0.09375,0.3125,0.21875,0.09375,-0.1875,0.65625,0.09375,-0.1875,0.21875,0.09375,0.78515625,0.671875,-0.10468749701976776,0.78515625,0.234375,-0.10468749701976776,0.78515625,0.671875,-0.22968749701976776,0.78515625,0.234375,-0.22968749701976776,0.62890625,0.671875,-0.22968749701976776,0.62890625,0.234375,-0.22968749701976776,0.62890625,0.671875,-0.10468749701976776,0.62890625,0.234375,-0.10468749701976776,0.62890625,0.671875,-0.22968749701976776,0.62890625,0.671875,-0.10468749701976776,0.78515625,0.671875,-0.22968749701976776,0.78515625,0.671875,-0.10468749701976776,0.62890625,0.234375,-0.10468749701976776,0.62890625,0.234375,-0.22968749701976776,0.78515625,0.234375,-0.10468749701976776,0.78515625,0.234375,-0.22968749701976776,0.62890625,0.671875,-0.10468749701976776,0.62890625,0.234375,-0.10468749701976776,0.78515625,0.671875,-0.10468749701976776,0.78515625,0.234375,-0.10468749701976776,0.78515625,0.671875,-0.22968749701976776,0.78515625,0.234375,-0.22968749701976776,0.62890625,0.671875,-0.22968749701976776,0.62890625,0.234375,-0.22968749701976776,0.91015625,0.671875,-0.10468749701976776,0.91015625,0.546875,-0.10468749701976776,0.91015625,0.671875,-0.22968749701976776,0.91015625,0.546875,-0.22968749701976776,0.78515625,0.671875,-0.22968749701976776,0.78515625,0.546875,-0.22968749701976776,0.78515625,0.671875,-0.10468749701976776,0.78515625,0.546875,-0.10468749701976776,0.78515625,0.671875,-0.22968749701976776,0.78515625,0.671875,-0.10468749701976776,0.91015625,0.671875,-0.22968749701976776,0.91015625,0.671875,-0.10468749701976776,0.78515625,0.546875,-0.10468749701976776,0.78515625,0.546875,-0.22968749701976776,0.91015625,0.546875,-0.10468749701976776,0.91015625,0.546875,-0.22968749701976776,0.78515625,0.671875,-0.10468749701976776,0.78515625,0.546875,-0.10468749701976776,0.91015625,0.671875,-0.10468749701976776,0.91015625,0.546875,-0.10468749701976776,0.91015625,0.671875,-0.22968749701976776,0.91015625,0.546875,-0.22968749701976776,0.78515625,0.671875,-0.22968749701976776,0.78515625,0.546875,-0.22968749701976776,0.78515625,0.671875,-0.10468749701976776,0.78515625,0.234375,-0.10468749701976776,0.78515625,0.671875,-0.22968749701976776,0.78515625,0.234375,-0.22968749701976776,0.62890625,0.671875,-0.22968749701976776,0.62890625,0.234375,-0.22968749701976776,0.62890625,0.671875,-0.10468749701976776,0.62890625,0.234375,-0.10468749701976776,0.62890625,0.671875,-0.22968749701976776,0.62890625,0.671875,-0.10468749701976776,0.78515625,0.671875,-0.22968749701976776,0.78515625,0.671875,-0.10468749701976776,0.62890625,0.234375,-0.10468749701976776,0.62890625,0.234375,-0.22968749701976776,0.78515625,0.234375,-0.10468749701976776,0.78515625,0.234375,-0.22968749701976776,0.62890625,0.671875,-0.10468749701976776,0.62890625,0.234375,-0.10468749701976776,0.78515625,0.671875,-0.10468749701976776,0.78515625,0.234375,-0.10468749701976776,0.78515625,0.671875,-0.22968749701976776,0.78515625,0.234375,-0.22968749701976776,0.62890625,0.671875,-0.22968749701976776,0.62890625,0.234375,-0.22968749701976776,0.91015625,0.671875,-0.10468749701976776,0.91015625,0.546875,-0.10468749701976776,0.91015625,0.671875,-0.22968749701976776,0.91015625,0.546875,-0.22968749701976776,0.78515625,0.671875,-0.22968749701976776,0.78515625,0.546875,-0.22968749701976776,0.78515625,0.671875,-0.10468749701976776,0.78515625,0.546875,-0.10468749701976776,0.78515625,0.671875,-0.22968749701976776,0.78515625,0.671875,-0.10468749701976776,0.91015625,0.671875,-0.22968749701976776,0.91015625,0.671875,-0.10468749701976776,0.78515625,0.546875,-0.10468749701976776,0.78515625,0.546875,-0.22968749701976776,0.91015625,0.546875,-0.10468749701976776,0.91015625,0.546875,-0.22968749701976776,0.78515625,0.671875,-0.10468749701976776,0.78515625,0.546875,-0.10468749701976776,0.91015625,0.671875,-0.10468749701976776,0.91015625,0.546875,-0.10468749701976776,0.91015625,0.671875,-0.22968749701976776,0.91015625,0.546875,-0.22968749701976776,0.78515625,0.671875,-0.22968749701976776,0.78515625,0.546875,-0.22968749701976776,0.78515625,0.671875,-0.10468749701976776,0.78515625,0.234375,-0.10468749701976776,0.78515625,0.671875,-0.22968749701976776,0.78515625,0.234375,-0.22968749701976776,0.62890625,0.671875,-0.22968749701976776,0.62890625,0.234375,-0.22968749701976776,0.62890625,0.671875,