{"schemaVersion":4,"source":{"uri":"models/Pickaxes/PickaxeModelEmerald/emerald-pickaxe.gltf","sha256":"90979c969e847c800c5850edbfbe490658122b4cb9fc8e85088c885db3821d42"},"animationNames":[],"boundingBox":{"min":{"x":-0.3528364884396998,"y":0.0001109374999999635,"z":-0.07733980419227862},"max":{"x":0.3528364884396998,"y":1.083936567987185,"z":0.07733980419227862}},"nodeNames":["cube","cube","cube","cube","cube","cube","cube","cube","cube","cube","cube","cube","cube","cube","pickaxe"],"trimesh":{"vertices":[0.03125,0.429851233959198,0.03125,0.03125,-0.351398766040802,0.03125,0.03125,0.429851233959198,-0.03125,0.03125,-0.351398766040802,-0.03125,-0.03125,0.429851233959198,-0.03125,-0.03125,-0.351398766040802,-0.03125,-0.03125,0.429851233959198,0.03125,-0.03125,-0.351398766040802,0.03125,-0.03125,0.429851233959198,-0.03125,-0.03125,0.429851233959198,0.03125,0.03125,0.429851233959198,-0.03125,0.03125,0.429851233959198,0.03125,-0.03125,-0.351398766040802,0.03125,-0.03125,-0.351398766040802,-0.03125,0.03125,-0.351398766040802,0.03125,0.03125,-0.351398766040802,-0.03125,-0.03125,0.429851233959198,0.03125,-0.03125,-0.351398766040802,0.03125,0.03125,0.429851233959198,0.03125,0.03125,-0.351398766040802,0.03125,0.03125,0.429851233959198,-0.03125,0.03125,-0.351398766040802,-0.03125,-0.03125,0.429851233959198,-0.03125,-0.03125,-0.351398766040802,-0.03125,0,0.4622116684913635,0.0625,0.11048543453216553,0.351726233959198,0.0625,0,0.4622116684913635,-0.0625,0.11048543453216553,0.351726233959198,-0.0625,-0.11048543453216553,0.351726233959198,-0.0625,0,0.24124081432819366,-0.0625,-0.11048543453216553,0.351726233959198,0.0625,0,0.24124081432819366,0.0625,-0.11048543453216553,0.351726233959198,-0.0625,-0.11048543453216553,0.351726233959198,0.0625,0,0.4622116684913635,-0.0625,0,0.4622116684913635,0.0625,0,0.24124081432819366,0.0625,0,0.24124081432819366,-0.0625,0.11048543453216553,0.351726233959198,0.0625,0.11048543453216553,0.351726233959198,-0.0625,-0.11048543453216553,0.351726233959198,0.0625,0,0.24124081432819366,0.0625,0,0.4622116684913635,0.0625,0.11048543453216553,0.351726233959198,0.0625,0,0.4622116684913635,-0.0625,0.11048543453216553,0.351726233959198,-0.0625,-0.11048543453216553,0.351726233959198,-0.0625,0,0.24124081432819366,-0.0625,-0.0500619038939476,0.41798222064971924,0.0234375,-0.033746130764484406,0.2940515875816345,0.0234375,-0.0500619038939476,0.41798222064971924,-0.0234375,-0.033746130764484406,0.2940515875816345,-0.0234375,-0.2359578162431717,0.39350855350494385,-0.0234375,-0.2196420431137085,0.26957792043685913,-0.0234375,-0.2359578162431717,0.39350855350494385,0.0234375,-0.2196420431137085,0.26957792043685913,0.0234375,-0.2359578162431717,0.39350855350494385,-0.0234375,-0.2359578162431717,0.39350855350494385,0.0234375,-0.0500619038939476,0.41798222064971924,-0.0234375,-0.0500619038939476,0.41798222064971924,0.0234375,-0.2196420431137085,0.26957792043685913,0.0234375,-0.2196420431137085,0.26957792043685913,-0.0234375,-0.033746130764484406,0.2940515875816345,0.0234375,-0.033746130764484406,0.2940515875816345,-0.0234375,-0.2359578162431717,0.39350855350494385,0.0234375,-0.2196420431137085,0.26957792043685913,0.0234375,-0.0500619038939476,0.41798222064971924,0.0234375,-0.033746130764484406,0.2940515875816345,0.0234375,-0.0500619038939476,0.41798222064971924,-0.0234375,-0.033746130764484406,0.2940515875816345,-0.0234375,-0.2359578162431717,0.39350855350494385,-0.0234375,-0.2196420431137085,0.26957792043685913,-0.0234375,0,-0.26602447032928467,0.046875,0.0883883461356163,-0.35441282391548157,0.046875,0,-0.26602447032928467,-0.046875,0.0883883461356163,-0.35441282391548157,-0.046875,-0.0883883461356163,-0.35441282391548157,-0.046875,0,-0.44280117750167847,-0.046875,-0.0883883461356163,-0.35441282391548157,0.046875,0,-0.44280117750167847,0.046875,-0.0883883461356163,-0.35441282391548157,-0.046875,-0.0883883461356163,-0.35441282391548157,0.046875,0,-0.26602447032928467,-0.046875,0,-0.26602447032928467,0.046875,0,-0.44280117750167847,0.046875,0,-0.44280117750167847,-0.046875,0.0883883461356163,-0.35441282391548157,0.046875,0.0883883461356163,-0.35441282391548157,-0.046875,-0.0883883461356163,-0.35441282391548157,0.046875,0,-0.44280117750167847,0.046875,0,-0.26602447032928467,0.046875,0.0883883461356163,-0.35441282391548157,0.046875,0,-0.26602447032928467,-0.046875,0.0883883461356163,-0.35441282391548157,-0.046875,-0.0883883461356163,-0.35441282391548157,-0.046875,0,-0.44280117750167847,-0.046875,-0.23105166852474213,0.36719393730163574,0,-0.23105166852474213,0.36719393730163574,0,-0.15292666852474213,0.23187752068042755,0,-0.3528364896774292,0.29688143730163574,0,-0.3528364896774292,0.29688143730163574,0,-0.2747114896774292,0.16156502068042755,0,-0.23105166852474213,0.36719393730163574,0,-0.3528364896774292,0.29688143730163574,0,-0.23105166852474213,0.36719393730163574,0,-0.15292666852474213,0.23187752068042755,0,-0.2747114896774292,0.16156502068042755,0,-0.15292666852474213,0.23187752068042755,0,-0.2747114896774292,0.16156502068042755,0,-0.3528364896774292,0.29688143730163574,0,-0.23105166852474213,0.36719393730163574,0,-0.15292666852474213,0.23187752068042755,0,0,-0.2029612511396408,0.07733980566263199,0,-0.296711266040802,0.07733980566263199,0.07733980566263199,-0.2029612511396408,0,0.07733980566263199,-0.296711266040802,0,0,-0.2029612511396408,-0.07733980566263199,0,-0.296711266040802,-0.07733980566263199,-0.07733980566263199,-0.2029612511396408,0,-0.07733980566263199,-0.296711266040802,0,0,-0.2029612511396408,-0.07733980566263199,-0.07733980566263199,-0.2029612511396408,0,0.07733980566263199,-0.2029612511396408,0,0,-0.2029612511396408,0.07733980566263199,-0.07733980566263199,-0.296711266040802,0,0,-0.296711266040802,-0.07733980566263199,0,-0.296711266040802,0.07733980566263199,0.07733980566263199,-0.296711266040802,0,-0.07733980566263199,-0.2029612511396408,0,-0.07733980566263199,-0.296711266040802,0,0,-0.2029612511396408,0.07733980566263199,0,-0.296711266040802,0.07733980566263199,0.07733980566263199,-0.2029612511396408,0,0.07733980566263199,-0.296711266040802,0,0,-0.2029612511396408,-0.07733980566263199,0,-0.296711266040802,-0.07733980566263199,0.2359578013420105,0.39350855350494385,0.0234375,0.2196420431137085,0.26957792043685913,0.0234375,0.2359578013420105,0.39350855350494385,-0.0234375,0.2196420431137085,0.26957792043685913,-0.0234375,0.0500619038939476,0.41798222064971924,-0.0234375,0.033746130764484406,0.2940515875816345,-0.0234375,0.0500619038939476,0.41798222064971924,0.0234375,0.033746130764484406,0.2940515875816345,0.0234375,0.0500619038939476,0.41798222064971924,-0.0234375,0.0500619038939476,0.41798222064971924,0.0234375,0.2359578013420105,0.39350855350494385,-0.0234375,0.2359578013420105,0.39350855350494385,0.0234375,0.033746130764484406,0.2940515875816345,0.0234375,0.033746130764484406,0.2940515875816345,-0.0234375,0.2196420431137085,0.26957792043685913,0.0234375,0.2196420431137085,0.26957792043685913,-0.0234375,0.0500619038939476,0.41798222064971924,0.0234375,0.033746130764484406,0.2940515875816345,0.0234375,0.2359578013420105,0.39350855350494385,0.0234375,0.2196420431137085,0.26957792043685913,0.0234375,0.2359578013420105,0.39350855350494385,-0.0234375,0.2196420431137085,0.26957792043685913,-0.0234375,0.0500619038939476,0.41798222064971924,-0.0234375,0.033746130764484406,0.2940515875816345,-0.0234375,0.23105165362358093,0.36719393730163574,0,0.23105165362358093,0.36719393730163574,0,0.15292666852474213,0.23187752068042755,0,0.3528364896774292,0.29688143730163574,0,0.3528364896774292,0.29688143730163574,0,0.2747114896774292,0.16156502068042755,0,0.3528364896774292,0.29688143730163574,0,0.23105165362358093,0.36719393730163574,0,0.3528364896774292,0.29688143730163574,0,0.2747114896774292,0.16156502068042755,0,0.15292666852474213,0.23187752068042755,0,0.2747114896774292,0.16156502068042755,0,0.23105165362358093,0.36719393730163574,0,0.3528364896774292,0.29688143730163574,0,0.2747114896774292,0.16156502068042755,0,0.15292666852474213,