{"schemaVersion":4,"source":{"uri":"models/BuyStations/clock.gltf","sha256":"633b4a9212ae78d4e94efa5671b1a8dfd25191ceb8d82938e2c720eadf216094"},"animationNames":["idle"],"boundingBox":{"min":{"x":-0.25,"y":0,"z":-0.06875},"max":{"x":0.25,"y":0.8125,"z":0.0625}},"nodeNames":["cube","cube","hand_plane","hands",""],"trimesh":{"vertices":[0.25,0.09375,0.06562499701976776,0.25,-0.40625,0.06562499701976776,0.25,0.09375,-0.05937499925494194,0.25,-0.40625,-0.05937499925494194,-0.25,0.09375,-0.05937499925494194,-0.25,-0.40625,-0.05937499925494194,-0.25,0.09375,0.06562499701976776,-0.25,-0.40625,0.06562499701976776,-0.25,0.09375,-0.05937499925494194,-0.25,0.09375,0.06562499701976776,0.25,0.09375,-0.05937499925494194,0.25,0.09375,0.06562499701976776,-0.25,-0.40625,0.06562499701976776,-0.25,-0.40625,-0.05937499925494194,0.25,-0.40625,0.06562499701976776,0.25,-0.40625,-0.05937499925494194,-0.25,0.09375,0.06562499701976776,-0.25,-0.40625,0.06562499701976776,0.25,0.09375,0.06562499701976776,0.25,-0.40625,0.06562499701976776,0.25,0.09375,-0.05937499925494194,0.25,-0.40625,-0.05937499925494194,-0.25,0.09375,-0.05937499925494194,-0.25,-0.40625,-0.05937499925494194,0.125,0.40625,0.003187495516613126,0.125,0.09375,0.003187495516613126,0.125,0.40625,0.0031250000465661287,0.125,0.09375,0.0031250000465661287,-0.125,0.40625,0.0031250000465661287,-0.125,0.09375,0.0031250000465661287,-0.125,0.40625,0.003187495516613126,-0.125,0.09375,0.003187495516613126,-0.125,0.40625,0.0031250000465661287,-0.125,0.40625,0.003187495516613126,0.125,0.40625,0.0031250000465661287,0.125,0.40625,0.003187495516613126,-0.125,0.09375,0.003187495516613126,-0.125,0.09375,0.0031250000465661287,0.125,0.09375,0.003187495516613126,0.125,0.09375,0.0031250000465661287,-0.125,0.40625,0.003187495516613126,-0.125,0.09375,0.003187495516613126,0.125,0.40625,0.003187495516613126,0.125,0.09375,0.003187495516613126,0.125,0.40625,0.0031250000465661287,0.125,0.09375,0.0031250000465661287,-0.125,0.40625,0.0031250000465661287,-0.125,0.09375,0.0031250000465661287,0.125,0,0.125,0.125,0,-0.125,-0.125,0,-0.125,-0.125,0,0.125],"indices":[0,1,2,1,3,2,4,5,6,5,7,6,8,9,10,9,11,10,12,13,14,13,15,14,16,17,18,17,19,18,20,21,22,21,23,22,24,25,26,25,27,26,28,29,30,29,31,30,32,33,34,33,35,34,36,37,38,37,39,38,40,41,42,41,43,42,44,45,46,45,47,46,48,49,50,48,50,51]},"optimizedModelData":{"":{"meshCount":2},"-named-nodes":{"meshCount":3},"-no-animations":{"meshCount":1}}}