{"schemaVersion":4,"source":{"uri":"models/Pickaxes/PickaxeModelSapphire/sapphire-pickaxe.gltf","sha256":"25445825e80a278cb26dd5d1cbce61f1f501b88135410268320f934a30c2fc51"},"animationNames":[],"boundingBox":{"min":{"x":-0.36102265411138873,"y":-0.0023399101483184137,"z":-0.0625},"max":{"x":0.36102265411138873,"y":1.083692934560398,"z":0.0625}},"nodeNames":["cube","cube","cube","cube","cube","cube","cube","cube","cube","cube","cube","pickaxe"],"trimesh":{"vertices":[0.03125,0.37807348370552063,0.03125,0.03125,-0.40317651629447937,0.03125,0.03125,0.37807348370552063,-0.03125,0.03125,-0.40317651629447937,-0.03125,-0.03125,0.37807348370552063,-0.03125,-0.03125,-0.40317651629447937,-0.03125,-0.03125,0.37807348370552063,0.03125,-0.03125,-0.40317651629447937,0.03125,-0.03125,0.37807348370552063,-0.03125,-0.03125,0.37807348370552063,0.03125,0.03125,0.37807348370552063,-0.03125,0.03125,0.37807348370552063,0.03125,-0.03125,-0.40317651629447937,0.03125,-0.03125,-0.40317651629447937,-0.03125,0.03125,-0.40317651629447937,0.03125,0.03125,-0.40317651629447937,-0.03125,-0.03125,0.37807348370552063,0.03125,-0.03125,-0.40317651629447937,0.03125,0.03125,0.37807348370552063,0.03125,0.03125,-0.40317651629447937,0.03125,0.03125,0.37807348370552063,-0.03125,0.03125,-0.40317651629447937,-0.03125,-0.03125,0.37807348370552063,-0.03125,-0.03125,-0.40317651629447937,-0.03125,0,0.41043391823768616,0.0625,0.11048543453216553,0.29994848370552063,0.0625,0,0.41043391823768616,-0.0625,0.11048543453216553,0.29994848370552063,-0.0625,-0.11048543453216553,0.29994848370552063,-0.0625,0,0.1894630491733551,-0.0625,-0.11048543453216553,0.29994848370552063,0.0625,0,0.1894630491733551,0.0625,-0.11048543453216553,0.29994848370552063,-0.0625,-0.11048543453216553,0.29994848370552063,0.0625,0,0.41043391823768616,-0.0625,0,0.41043391823768616,0.0625,0,0.1894630491733551,0.0625,0,0.1894630491733551,-0.0625,0.11048543453216553,0.29994848370552063,0.0625,0.11048543453216553,0.29994848370552063,-0.0625,-0.11048543453216553,0.29994848370552063,0.0625,0,0.1894630491733551,0.0625,0,0.41043391823768616,0.0625,0.11048543453216553,0.29994848370552063,0.0625,0,0.41043391823768616,-0.0625,0.11048543453216553,0.29994848370552063,-0.0625,-0.11048543453216553,0.29994848370552063,-0.0625,0,0.1894630491733551,-0.0625,0,-0.3662397265434265,0.0390625,0.0883883461356163,-0.4546280801296234,0.0390625,0,-0.3662397265434265,-0.0390625,0.0883883461356163,-0.4546280801296234,-0.0390625,-0.0883883461356163,-0.4546280801296234,-0.0390625,0,-0.5430164337158203,-0.0390625,-0.0883883461356163,-0.4546280801296234,0.0390625,0,-0.5430164337158203,0.0390625,-0.0883883461356163,-0.4546280801296234,-0.0390625,-0.0883883461356163,-0.4546280801296234,0.0390625,0,-0.3662397265434265,-0.0390625,0,-0.3662397265434265,0.0390625,0,-0.5430164337158203,0.0390625,0,-0.5430164337158203,-0.0390625,0.0883883461356163,-0.4546280801296234,0.0390625,0.0883883461356163,-0.4546280801296234,-0.0390625,-0.0883883461356163,-0.4546280801296234,0.0390625,0,-0.5430164337158203,0.0390625,0,-0.3662397265434265,0.0390625,0.0883883461356163,-0.4546280801296234,0.0390625,0,-0.3662397265434265,-0.0390625,0.0883883461356163,-0.4546280801296234,-0.0390625,-0.0883883461356163,-0.4546280801296234,-0.0390625,0,-0.5430164337158203,-0.0390625,1.2293457984924316e-7,0.41043391823768616,0,1.2293457984924316e-7,0.41043391823768616,0,-0.08838822692632675,0.32204553484916687,0,-0.1325823962688446,0.5430164337158203,0,-0.1325823962688446,0.5430164337158203,0,-0.2209707498550415,0.4546280801296234,0,1.2293457984924316e-7,0.41043391823768616,0,1.2293457984924316e-7,0.41043391823768616,0,-0.08838822692632675,0.32204553484916687,0,-0.2209707498550415,0.4546280801296234,0,-0.08838822692632675,0.32204553484916687,0,-0.2209707498550415,0.4546280801296234,0,-0.1325823962688446,0.5430164337158203,0,1.2293457984924316e-7,0.41043391823768616,0,-0.08838822692632675,0.32204553484916687,0,-1.2293457984924316e-7,0.41043391823768616,0,-1.2293457984924316e-7,0.41043391823768616,0,0.08838822692632675,0.32204553484916687,0,0.1325823962688446,0.5430164337158203,0,0.1325823962688446,0.5430164337158203,0,0.2209707498550415,0.4546280801296234,0,-1.2293457984924316e-7,0.41043391823768616,0,0.1325823962688446,0.5430164337158203,0,0.2209707498550415,0.4546280801296234,0,0.08838822692632675,0.32204553484916687,0,-1.2293457984924316e-7,0.41043391823768616,0,0.1325823962688446,0.5430164337158203,0,0.2209707498550415,0.4546280801296234,0,0.08838822692632675,0.32204553484916687,0,0.23628675937652588,0.2738710939884186,0,0.23628675937652588,0.2738710939884186,0,0.1641385406255722,0.1352756917476654,0,0.3610226511955261,0.20893773436546326,0,0.3610226511955261,0.20893773436546326,0,0.28887444734573364,0.0703422799706459,0,0.3610226511955261,0.20893773436546326,0,0.3610226511955261,0.20893773436546326,0,0.28887444734573364,0.0703422799706459,0,0.1641385406255722,0.1352756917476654,0,0.28887444734573364,0.0703422799706459,0,0.23628675937652588,0.2738710939884186,0,0.3610226511955261,0.20893773436546326,0,0.28887444734573364,0.0703422799706459,0,0.1641385406255722,0.1352756917476654,0,0.26400598883628845,0.25944164395332336,0.0234375,0.22071707248687744,0.17628434300422668,0.0234375,0.26400598883628845,0.25944164395332336,-0.0234375,0.22071707248687744,0.17628434300422668,-0.0234375,0.09769147634506226,0.3460194766521454,-0.0234375,0.054402537643909454,0.2628622353076935,-0.0234375,0.09769147634506226,0.3460194766521454,0.0234375,0.054402537643909454,0.2628622353076935,0.0234375,0.09769147634506226,0.3460194766521454,-0.0234375,0.09769147634506226,0.3460194766521454,0.0234375,0.26400598883628845,0.25944164395332336,-0.0234375,0.26400598883628845,0.25944164395332336,0.0234375,0.054402537643909454,0.2628622353076935,0.0234375,0.054402537643909454,0.2628622353076935,-0.0234375,0.22071707248687744,0.17628434300422668,0.0234375,0.22071707248687744,0.17628434300422668,-0.0234375,0.09769147634506226,0.3460194766521454,0.0234375,0.054402537643909454,0.2628622353076935,0.0234375,0.26400598883628845,0.25944164395332336,0.0234375,0.22071707248687744,0.17628434300422668,0.0234375,0.26400598883628845,0.25944164395332336,-0.0234375,0.22071707248687744,0.17628434300422668,-0.0234375,0.09769147634506226,0.3460194766521454,-0.0234375,0.054402537643909454,0.2628622353076935,-0.0234375,0.0625,-0.33442652225494385,0.0625,0.0625,-0.39692652225494385,0.0625,0.0625,-0.33442652225494385,-0.0625,0.0625,-0.39692652225494385,-0.0625,-0.0625,-0.33442652225494385,-0.0625,-0.0625,-0.39692652225494385,-0.0625,-0.0625,-0.33442652225494385,0.0625,-0.0625,-0.39692652225494385,0.0625,-0.0625,-0.33442652225494385,-0.0625,-0.0625,-0.33442652225494385,0.0625,0.0625,-0.33442652225494385,-0.0625,0.0625,-0.33442652225494385,0.0625,-0.0625,-0.39692652225494385,0.0625,-0.0625,-0.39692652225494385,-0.0625,0.0625,-0.39692652225494385,0.0625,0.0625,-0.39692652225494385,-0.0625,-0.0625,-0.33442652225494385,0.0625,-0.0625,-0.39692652225494385,0.0625,0.0625,-0.33442652225494385,0.0625,0.0625,-0.39692652225494385,0.0625,0.0625,-0.33442652225494385,-0.0625,0.0625,-0.39692652225494385,-0.0625,-0.0625,-0.33442652225494385,-0.0625,-0.0625,-0.39692652225494385,-0.0625,0.0390625,0.09682349115610123,0.0390625,0.0390625,-0.24692651629447937,0.0390625,0.0390625,0.09682349115610123,-0.0390625,0.0390625,-0.24692651629447937,-0.0390625,-0.0390625,0.09682349115610123,-0.0390625,-0.0390625,-0.24692651629447937,-0.0390625,-0.0390625,0.09682349115610123,0.0390625,-0.0390625,-0.24692651629447937,0.0390625,-0.0390625,0.09682349115610123,-0.0390625,-0.0390625,0.09682349115610123,0.0390625,0.0390625,0.09682349115610123,-0.0390625,0.0390625,0.09682349115610123,0.0390625,-0.0390625,-0.24692651629447937,0.0390625,-0.0390625,-0.24692651629447937,-0.0390625,0.0390625,-0.24692651629447937,0.0390625,0.0390625,-0.24692651629447937,-0.0390625,-0.0390625,0.09682349115610123,0.0390625,-0.0390625,-0.24692651629447937,0.0390625,0.0390625,0.09682349115610123,0.0390625,0.0390625,