{"schemaVersion":4,"source":{"uri":"models/Pets/Pufferfish/pufferfish.gltf","sha256":"ba88111f5a79a366ac433ca32e47192cd6ebcf61cc2cdddd0dc14fc45e9d1481"},"animationNames":["idle","walk","attack"],"boundingBox":{"min":{"x":-0.6875,"y":-0.0625,"z":-0.4228933395228181},"max":{"x":0.6875,"y":0.9375,"z":0.4228933395228181}},"nodeNames":["cube","arm","cube","arm2","cube","cube","cube","cube","cube","cube","cube","cube","cube","cube","cube","cube","cube","pufferfish",""],"trimesh":{"vertices":[0.375,0.1875,0.0625,0.375,-0.0625,0.0625,0.375,0.1875,-0.0625,0.375,-0.0625,-0.0625,0.0625,0.1875,-0.0625,0.0625,-0.0625,-0.0625,0.0625,0.1875,0.0625,0.0625,-0.0625,0.0625,0.0625,0.1875,-0.0625,0.0625,0.1875,0.0625,0.375,0.1875,-0.0625,0.375,0.1875,0.0625,0.0625,-0.0625,0.0625,0.0625,-0.0625,-0.0625,0.375,-0.0625,0.0625,0.375,-0.0625,-0.0625,0.0625,0.1875,0.0625,0.0625,-0.0625,0.0625,0.375,0.1875,0.0625,0.375,-0.0625,0.0625,0.375,0.1875,-0.0625,0.375,-0.0625,-0.0625,0.0625,0.1875,-0.0625,0.0625,-0.0625,-0.0625,-0.0625,0.1875,0.0625,-0.0625,-0.0625,0.0625,-0.0625,0.1875,-0.0625,-0.0625,-0.0625,-0.0625,-0.375,0.1875,-0.0625,-0.375,-0.0625,-0.0625,-0.375,0.1875,0.0625,-0.375,-0.0625,0.0625,-0.375,0.1875,-0.0625,-0.375,0.1875,0.0625,-0.0625,0.1875,-0.0625,-0.0625,0.1875,0.0625,-0.375,-0.0625,0.0625,-0.375,-0.0625,-0.0625,-0.0625,-0.0625,0.0625,-0.0625,-0.0625,-0.0625,-0.375,0.1875,0.0625,-0.375,-0.0625,0.0625,-0.0625,0.1875,0.0625,-0.0625,-0.0625,0.0625,-0.0625,0.1875,-0.0625,-0.0625,-0.0625,-0.0625,-0.375,0.1875,-0.0625,-0.375,-0.0625,-0.0625,0.375,0.4375,0.375,0.375,-0.3125,0.375,0.375,0.4375,-0.375,0.375,-0.3125,-0.375,-0.375,0.4375,-0.375,-0.375,-0.3125,-0.375,-0.375,0.4375,0.375,-0.375,-0.3125,0.375,-0.375,0.4375,-0.375,-0.375,0.4375,0.375,0.375,0.4375,-0.375,0.375,0.4375,0.375,-0.375,-0.3125,0.375,-0.375,-0.3125,-0.375,0.375,-0.3125,0.375,0.375,-0.3125,-0.375,-0.375,0.4375,0.375,-0.375,-0.3125,0.375,0.375,0.4375,0.375,0.375,-0.3125,0.375,0.375,0.4375,-0.375,0.375,-0.3125,-0.375,-0.375,0.4375,-0.375,-0.375,-0.3125,-0.375,0.328125,0.5625,0,0.328125,0.5625,0,0.328125,0.4375,0,-0.328125,0.5625,0,-0.328125,0.5625,0,-0.328125,0.4375,0,0.328125,0.5625,0,-0.328125,0.5625,0,0.328125,0.5625,0,0.328125,0.4375,0,-0.328125,0.4375,0,0.328125,0.4375,0,-0.328125,0.4375,0,-0.328125,0.5625,0,0.328125,0.5625,0,0.328125,0.4375,0,0.34375,0.5529612302780151,-0.42289334535598755,0.34375,0.5529612302780151,-0.42289334535598755,0.34375,0.4374762773513794,-0.3750579059123993,-0.3125,0.5529612302780151,-0.42289334535598755,-0.3125,0.5529612302780151,-0.42289334535598755,-0.3125,0.4374762773513794,-0.3750579059123993,0.34375,0.5529612302780151,-0.42289334535598755,-0.3125,0.5529612302780151,-0.42289334535598755,0.34375,0.5529612302780151,-0.42289334535598755,0.34375,0.4374762773513794,-0.3750579059123993,-0.3125,0.4374762773513794,-0.3750579059123993,0.34375,0.4374762773513794,-0.3750579059123993,-0.3125,0.4374762773513794,-0.3750579059123993,-0.3125,0.5529612302780151,-0.42289334535598755,0.34375,0.5529612302780151,-0.42289334535598755,0.34375,0.4374762773513794,-0.3750579059123993,0.328125,-0.4375,0,0.328125,-0.4375,0,0.328125,-0.3125,0,-0.328125,-0.4375,0,-0.328125,-0.4375,0,-0.328125,-0.3125,0,-0.328125,-0.4375,0,0.328125,-0.4375,0,-0.328125,-0.4375,0,-0.328125,-0.3125,0,0.328125,-0.3125,0,-0.328125,-0.3125,0,0.328125,-0.4375,0,-0.328125,-0.4375,0,-0.328125,-0.3125,0,0.328125,-0.3125,0,0.34375,-0.42796123027801514,-0.42289334535598755,0.34375,-0.42796123027801514,-0.42289334535598755,0.34375,-0.3124762773513794,-0.3750579059123993,-0.3125,-0.42796123027801514,-0.42289334535598755,-0.3125,-0.42796123027801514,-0.42289334535598755,-0.3125,-0.3124762773513794,-0.3750579059123993,-0.3125,-0.42796123027801514,-0.42289334535598755,0.34375,-0.42796123027801514,-0.42289334535598755,-0.3125,-0.42796123027801514,-0.42289334535598755,-0.3125,-0.3124762773513794,-0.3750579059123993,0.34375,-0.3124762773513794,-0.3750579059123993,-0.3125,-0.3124762773513794,-0.3750579059123993,0.34375,-0.42796123027801514,-0.42289334535598755,-0.3125,-0.42796123027801514,-0.42289334535598755,-0.3125,-0.3124762773513794,-0.3750579059123993,0.34375,-0.3124762773513794,-0.3750579059123993,-0.49048498272895813,0.375,-0.42283520102500916,-0.49048498272895813,0.375,-0.42283520102500916,-0.3750000298023224,0.375,-0.3749997913837433,-0.49048498272895813,-0.28125,-0.42283520102500916,-0.49048498272895813,-0.28125,-0.42283520102500916,-0.3750000298023224,-0.28125,-0.3749997913837433,-0.49048498272895813,0.375,-0.42283520102500916,-0.49048498272895813,-0.28125,-0.42283520102500916,-0.49048498272895813,0.375,-0.42283520102500916,-0.3750000298023224,0.375,-0.3749997913837433,-0.3750000298023224,-0.28125,-0.3749997913837433,-0.3750000298023224,0.375,-0.3749997913837433,-0.3750000298023224,-0.28125,-0.3749997913837433,-0.49048498272895813,-0.28125,-0.42283520102500916,-0.49048498272895813,0.375,-0.42283520102500916,-0.3750000298023224,0.375,-0.3749997913837433,-0.5000237226486206,0.359375,0.00005750000127591193,-0.5000237226486206,0.359375,0.00005750000127591193,-0.375023752450943,0.359375,0.00005750000127591193,-0.5000237226486206,-0.296875,0.00005750000127591193,-0.5000237226486206,-0.296875,0.00005750000127591193,-0.375023752450943,-0.296875,0.00005750000127591193,-0.5000237226486206,0.359375,0.00005750000127591193,-0.5000237226486206,-0.296875,0.00005750000127591193,-0.5000237226486206,0.359375,0.00005750000127591193,-0.375023752450943,0.359375,0.00005750000127591193,-0.375023752450943,-0.296875,0.00005750000127591193,-0.375023752450943,0.359375,0.00005750000127591193,-0.375023752450943,-0.296875,0.00005750000127591193,-0.5000237226486206,-0.296875,0.00005750000127591193,-0.5000237226486206,0.359375,0.00005750000127591193,-0.375023752450943,0.359375,0.00005750000127591193,0.49048498272895813,0.375,-0.42283520102500916,0.49048498272895813,0.375,-0.42283520102500916,0.3750000298023224,0.375,-0.3749997913837433,0.49048498272895813,-0.28125,-0.42283520102500916,0.49048498272895813,-0.28125,-0.42283520102500916,0.3750000298023224,-0.28125,-0.3749997913837433,0.49048498272895813,-0.28125,-0.42283520102500916,0.49048498272895813,0.375,-0.42283520102500916,0.49048498272895813,-0.28125,-0.42283520102500916,0.3750000298023224,-0.28125,-0.3749997913837433,0.3750000298023224,0.375,-0.3749997913837433,0.3750000298023224,-0.28125,-0.3749997913837433,0.49048498272895813,0.375,-0.42283520102500916,0.49048498272895813,-0.28125,-0.42283520102500916,0.3750000298023224,-0.28125,-0.3749997913837433,0.3750000298023224,0.375,-0.3749997913837433,0.5000237226486206,0.359375,0.00005750000127591193,0.5000237226486206,0.359375,0.00005750000127591193,0.375023752450943,0.359375,0.00005750000127591193,0.5000237226486206,-0.296875,0.00005750000127591193,0.5000237226486206,-0.296875,0.00005750000127591193,0.375023752450943,-0.296875,0.00005750000127591193,0.5000237226486206,-0.296875,0.00005750000127591193,0.5000237226486206,0.359375,0.00005750000127591193,0.5000237226486206,-0.296875,0.00005750000127591193,0.375023752450943,-0.296875,0.00005750000127591193,0.375023752450943,0.359375,0.00005750000127591193,0.375023752450943,-0.296875,0.00005750000127591193,0.5000237226486206,0.359375,0.00005750000127591193,0.5000237226486206,-0.296875,0.00005750000127591193,0.375023752450943,-0.296875,0.00005750000127591193,0.375023752450943,0.359375,0.00005750000127591193,0.49048498272895813,0.375,0.42283520102500916,0.49048498272895813,0.375,0.42283520102500916,0.3750000298023224,0.375,0.3749997913837433,0.49048498272895813,-0.28125,0.42283520102500916,0.49048498272895813,-0.28125,0.42283520102500916,0.3750000298023224,-0.28125,0.3749997913837433,0.49048498272895813,0.375,0.42283520102500916,0.49048498272895813,-0.28125,0.42283520102500916,0.49048498272895813,0.375,0.42283520102500916,0.3750000298023224,0.375,0.3749997913837433,0.3750000298023224,-0.28125,0.3749997913837433,0.3750000298023224,0.375,0.3749997913837433,0.3750000298023224,-0.28125,0.3749997913837433,