{"schemaVersion":4,"source":{"uri":"models/Pets/Catfish/catfish.gltf","sha256":"9b72cba0efe88a1a4b869fed9dc2d509e5a14835487fc9c02d7a2ab62ac013ff"},"animationNames":["idle","walk"],"boundingBox":{"min":{"x":-0.46875,"y":-0.1875,"z":-1},"max":{"x":0.46875,"y":0.46875,"z":1}},"nodeNames":["cube","cube","cube","cube","fin","cube","fin2","cube","cube","tail","cube","cube","cube","head","electric_catfish"],"trimesh":{"vertices":[0.1875,0.3125,0.5625,0.1875,-0.0625,0.5625,0.1875,0.3125,-0.4375,0.1875,-0.0625,-0.4375,-0.1875,0.3125,-0.4375,-0.1875,-0.0625,-0.4375,-0.1875,0.3125,0.5625,-0.1875,-0.0625,0.5625,-0.1875,0.3125,-0.4375,-0.1875,0.3125,0.5625,0.1875,0.3125,-0.4375,0.1875,0.3125,0.5625,-0.1875,-0.0625,0.5625,-0.1875,-0.0625,-0.4375,0.1875,-0.0625,0.5625,0.1875,-0.0625,-0.4375,-0.1875,0.3125,0.5625,-0.1875,-0.0625,0.5625,0.1875,0.3125,0.5625,0.1875,-0.0625,0.5625,0.1875,0.3125,-0.4375,0.1875,-0.0625,-0.4375,-0.1875,0.3125,-0.4375,-0.1875,-0.0625,-0.4375,0,-0.0625,0.25,0,-0.0625,0.25,0,-0.0625,0.625,0,-0.3125,0.625,0,-0.3125,0.625,0,-0.3125,0.25,0,-0.0625,0.625,0,-0.0625,0.625,0,-0.3125,0.625,0,-0.3125,0.25,0,-0.3125,0.625,0,-0.0625,0.625,0,-0.0625,0.25,0,-0.3125,0.25,0.09375,0.125,0,0.09375,0.125,0.25,0.09375,0.125,0,-0.09375,0.125,0.25,-0.09375,0.125,0,-0.09375,0.125,0.25,0.09375,0.125,0.25,0.09375,0.125,0,-0.09375,0.125,0,-0.09375,0.125,0.25,0.09375,0.125,0.25,-0.09375,0.125,0.25,0.09375,0.125,0.25,0.09375,0.125,0,-0.09375,0.125,0,-0.09375,0.125,0.25,-0.09375,0.125,0,-0.09375,0.125,0.25,0.09375,0.125,0,0.09375,0.125,0.25,0.09375,0.125,0,0.09375,0.125,0,-0.09375,0.125,0,-0.09375,0.125,0.25,0.09375,0.125,0.25,0.09375,0.125,0.25,-0.09375,0.125,0.25,0.09375,0.125,0.25,-0.09375,0.125,0,-0.09375,0.125,0,0,-0.1875,0.5,0,0.25,0.5,0,0.25,0,0,-0.1875,0,0,0.25,0,0,0.25,0,0,0.25,0.5,0,-0.1875,0.5,0,-0.1875,0.5,0,-0.1875,0,0,0.25,0.5,0,0.25,0.5,0,-0.1875,0.5,0,-0.1875,0,0.09375,0.1875,0.125,0.09375,-0.125,0.125,0.09375,0.1875,-0.125,0.09375,-0.125,-0.125,-0.09375,0.1875,-0.125,-0.09375,-0.125,-0.125,-0.09375,0.1875,0.125,-0.09375,-0.125,0.125,-0.09375,0.1875,-0.125,-0.09375,0.1875,0.125,0.09375,0.1875,-0.125,0.09375,0.1875,0.125,-0.09375,-0.125,0.125,-0.09375,-0.125,-0.125,0.09375,-0.125,0.125,0.09375,-0.125,-0.125,-0.09375,0.1875,0.125,-0.09375,-0.125,0.125,0.09375,0.1875,0.125,0.09375,-0.125,0.125,0.09375,0.1875,-0.125,0.09375,-0.125,-0.125,-0.09375,0.1875,-0.125,-0.09375,-0.125,-0.125,0.21875,0.2018750011920929,0.375,0.21875,-0.016875000670552254,0.375,0.21875,0.2018750011920929,0.0625,0.21875,-0.016875000670552254,0.0625,-0.21875,0.2018750011920929,0.0625,-0.21875,-0.016875000670552254,0.0625,-0.21875,0.2018750011920929,0.375,-0.21875,-0.016875000670552254,0.375,-0.21875,0.2018750011920929,0.0625,-0.21875,0.2018750011920929,0.375,0.21875,0.2018750011920929,0.0625,0.21875,0.2018750011920929,0.375,-0.21875,-0.016875000670552254,0.375,-0.21875,-0.016875000670552254,0.0625,0.21875,-0.016875000670552254,0.375,0.21875,-0.016875000670552254,0.0625,-0.21875,0.2018750011920929,0.375,-0.21875,-0.016875000670552254,0.375,0.21875,0.2018750011920929,0.375,0.21875,-0.016875000670552254,0.375,0.21875,0.2018750011920929,0.0625,0.21875,-0.016875000670552254,0.0625,-0.21875,0.2018750011920929,0.0625,-0.21875,-0.016875000670552254,0.0625,-0.03125,0.030000001192092896,-0.0625,-0.03125,0.030000001192092896,0.25,-0.03125,0.030000001192092896,-0.0625,-0.03125,0.030000001192092896,0.25,-0.46875,0.030000001192092896,0.25,-0.46875,0.030000001192092896,-0.0625,-0.46875,0.030000001192092896,0.25,-0.46875,0.030000001192092896,-0.0625,-0.03125,0.030000001192092896,-0.0625,-0.03125,0.030000001192092896,0.25,-0.46875,0.030000001192092896,0.25,-0.46875,0.030000001192092896,-0.0625,-0.03125,0.030000001192092896,0.25,-0.46875,0.030000001192092896,0.25,-0.03125,0.030000001192092896,0.25,-0.46875,0.030000001192092896,0.25,-0.46875,0.030000001192092896,-0.0625,-0.03125,0.030000001192092896,-0.0625,-0.46875,0.030000001192092896,-0.0625,-0.03125,0.030000001192092896,-0.0625,0.03125,0.030000001192092896,0.25,0.03125,0.030000001192092896,-0.0625,0.03125,0.030000001192092896,-0.0625,0.03125,0.030000001192092896,0.25,0.46875,0.030000001192092896,-0.0625,0.46875,0.030000001192092896,0.25,0.46875,0.030000001192092896,0.25,0.46875,0.030000001192092896,-0.0625,0.46875,0.030000001192092896,0.25,0.03125,0.030000001192092896,0.25,0.03125,0.030000001192092896,-0.0625,0.46875,0.030000001192092896,-0.0625,0.46875,0.030000001192092896,0.25,0.03125,0.030000001192092896,0.25,0.03125,0.030000001192092896,0.25,0.46875,0.030000001192092896,0.25,0.03125,0.030000001192092896,-0.0625,0.46875,0.030000001192092896,-0.0625,0.46875,0.030000001192092896,-0.0625,0.03125,0.030000001192092896,-0.0625],"indices":[0,1,2,1,3,2,4,5,6,5,7,6,8,9,10,9,11,10,12,13,14,13,15,14,16,17,18,17,19,18,20,21,22,21,23,22,24,25,26,24,26,26,27,28,29,27,29,29,30,31,32,30,32,32,24,25,33,24,33,33,34,35,36,34,36,37,24,25,26,24,26,26,27,28,29,27,29,29,30,31,32,30,32,32,24,25,33,24,33,33,38,39,40,38,40,39,41,42,43,41,43,42,44,45,46,44,46,47,48,49,50,48,50,49,42,51,52,42,52,51,53,54,54,53,54,55,56,57,57,56,57,58,59,60,61,59,61,62,63,64,64,63,64,65,66,56,56,66,56,67,68,69,70,68,70,71,72,73,74,72,74,74,75,76,77,75,77,77,78,79,80,78,80,80,72,73,81,72,81,81,82,83,84,83,85,84,86,87,88,87,89,88,90,91,92,91,93,92,94,95,96,95,97,96,98,99,100,99,101,100,102,103,104,103,105,104,106,107,108,107,109,108,110,111,112,111,113,112,114,115,116,115,117,116,118,119,120,119,121,120,122,123,124,123,125,124,126,127,128,127,129,128,130,131,132,130,132,133,134,135,136,134,136,137,138,139,140,138,140,141,142,143,144,142,144,145,146,147,148,146,148,149,150,151,152,150,152,153,154,155,156,154,156,157,158,159,160,158,160,161,162,163,164,162,164,165,166,167,168,166,168,169]},"optimizedModelData":{"":{"meshCount":5},"-named-nodes":{"meshCount":10},"-no-animations":{"meshCount":1}}}