{"schemaVersion":4,"source":{"uri":"models/Pets/Rabbit/rabbit.gltf","sha256":"299f77a2fdf8d886a7dba9a040d7cbea0b7a41883bc97d1cb710fd19eb4c9f84"},"animationNames":["idle","hop"],"boundingBox":{"min":{"x":-0.375,"y":0,"z":-0.6875},"max":{"x":0.375,"y":1.3125,"z":0.5625}},"nodeNames":["cube","ear_right","ear_right_ext","cube","ear_left","ear_left_ext","cube","cube","head","head_ext","cube","tail","tail_ext","cube","body","cube","cube","leg_back_left","leg_back_left_ext","cube","cube","leg_back_right","leg_back_right_ext","cube","leg_front_right","leg_front_right_ext","cube","leg_front_left","leg_front_left_ext","legs","body_main","body_orbit","root",""],"trimesh":{"vertices":[0.125,0.4375,0.03125,0.125,0,0.03125,0.125,0.4375,-0.03125,0.125,0,-0.03125,-0.125,0.4375,-0.03125,-0.125,0,-0.03125,-0.125,0.4375,0.03125,-0.125,0,0.03125,-0.125,0.4375,-0.03125,-0.125,0.4375,0.03125,0.125,0.4375,-0.03125,0.125,0.4375,0.03125,-0.125,0,0.03125,-0.125,0,-0.03125,0.125,0,0.03125,0.125,0,-0.03125,-0.125,0.4375,0.03125,-0.125,0,0.03125,0.125,0.4375,0.03125,0.125,0,0.03125,0.125,0.4375,-0.03125,0.125,0,-0.03125,-0.125,0.4375,-0.03125,-0.125,0,-0.03125,0.125,0.4375,0.03125,0.125,0,0.03125,0.125,0.4375,-0.03125,0.125,0,-0.03125,-0.125,0.4375,-0.03125,-0.125,0,-0.03125,-0.125,0.4375,0.03125,-0.125,0,0.03125,-0.125,0.4375,-0.03125,-0.125,0.4375,0.03125,0.125,0.4375,-0.03125,0.125,0.4375,0.03125,-0.125,0,0.03125,-0.125,0,-0.03125,0.125,0,0.03125,0.125,0,-0.03125,-0.125,0.4375,0.03125,-0.125,0,0.03125,0.125,0.4375,0.03125,0.125,0,0.03125,0.125,0.4375,-0.03125,0.125,0,-0.03125,-0.125,0.4375,-0.03125,-0.125,0,-0.03125,0.375,0.5,0.4375,0.375,0,0.4375,0.375,0.5,-0.0625,0.375,0,-0.0625,-0.25,0.5,-0.0625,-0.25,0,-0.0625,-0.25,0.5,0.4375,-0.25,0,0.4375,-0.25,0.5,-0.0625,-0.25,0.5,0.4375,0.375,0.5,-0.0625,0.375,0.5,0.4375,-0.25,0,0.4375,-0.25,0,-0.0625,0.375,0,0.4375,0.375,0,-0.0625,-0.25,0.5,0.4375,-0.25,0,0.4375,0.375,0.5,0.4375,0.375,0,0.4375,0.375,0.5,-0.0625,0.375,0,-0.0625,-0.25,0.5,-0.0625,-0.25,0,-0.0625,0.25,0.1875,-0.0625,0.25,0,-0.0625,0.25,0.1875,-0.1875,0.25,0,-0.1875,-0.125,0.1875,-0.1875,-0.125,0,-0.1875,-0.125,0.1875,-0.0625,-0.125,0,-0.0625,-0.125,0.1875,-0.1875,-0.125,0.1875,-0.0625,0.25,0.1875,-0.1875,0.25,0.1875,-0.0625,-0.125,0,-0.0625,-0.125,0,-0.1875,0.25,0,-0.0625,0.25,0,-0.1875,-0.125,0.1875,-0.0625,-0.125,0,-0.0625,0.25,0.1875,-0.0625,0.25,0,-0.0625,0.25,0.1875,-0.1875,0.25,0,-0.1875,-0.125,0.1875,-0.1875,-0.125,0,-0.1875,0.15625,0.1875,0.1875,0.15625,-0.125,0.1875,0.15625,0.1875,-0.0625,0.15625,-0.125,-0.0625,-0.15625,0.1875,-0.0625,-0.15625,-0.125,-0.0625,-0.15625,0.1875,0.1875,-0.15625,-0.125,0.1875,-0.15625,0.1875,-0.0625,-0.15625,0.1875,0.1875,0.15625,0.1875,-0.0625,0.15625,0.1875,0.1875,-0.15625,-0.125,0.1875,-0.15625,-0.125,-0.0625,0.15625,-0.125,0.1875,0.15625,-0.125,-0.0625,-0.15625,0.1875,0.1875,-0.15625,-0.125,0.1875,0.15625,0.1875,0.1875,0.15625,-0.125,0.1875,0.15625,0.1875,-0.0625,0.15625,-0.125,-0.0625,-0.15625,0.1875,-0.0625,-0.15625,-0.125,-0.0625,0.25,0.3125,0.25,0.25,-0.1875,0.25,0.25,0.3125,-0.5,0.25,-0.1875,-0.5,-0.25,0.3125,-0.5,-0.25,-0.1875,-0.5,-0.25,0.3125,0.25,-0.25,-0.1875,0.25,-0.25,0.3125,-0.5,-0.25,0.3125,0.25,0.25,0.3125,-0.5,0.25,0.3125,0.25,-0.25,-0.1875,0.25,-0.25,-0.1875,-0.5,0.25,-0.1875,0.25,0.25,-0.1875,-0.5,-0.25,0.3125,0.25,-0.25,-0.1875,0.25,0.25,0.3125,0.25,0.25,-0.1875,0.25,0.25,0.3125,-0.5,0.25,-0.1875,-0.5,-0.25,0.3125,-0.5,-0.25,-0.1875,-0.5,0.09375,0.234375,0.15625,0.09375,-0.140625,0.15625,0.09375,0.234375,-0.15625,0.09375,-0.140625,-0.15625,-0.09375,0.234375,-0.15625,-0.09375,-0.140625,-0.15625,-0.09375,0.234375,0.15625,-0.09375,-0.140625,0.15625,-0.09375,0.234375,-0.15625,-0.09375,0.234375,0.15625,0.09375,0.234375,-0.15625,0.09375,0.234375,0.15625,-0.09375,-0.140625,0.15625,-0.09375,-0.140625,-0.15625,0.09375,-0.140625,0.15625,0.09375,-0.140625,-0.15625,-0.09375,0.234375,0.15625,-0.09375,-0.140625,0.15625,0.09375,0.234375,0.15625,0.09375,-0.140625,0.15625,0.09375,0.234375,-0.15625,0.09375,-0.140625,-0.15625,-0.09375,0.234375,-0.15625,-0.09375,-0.140625,-0.15625,0.09375,0.046875,-0.15625,0.09375,-0.140625,-0.15625,0.09375,0.046875,-0.34375,0.09375,-0.140625,-0.34375,-0.09375,0.046875,-0.34375,-0.09375,-0.140625,-0.34375,-0.09375,0.046875,-0.15625,-0.09375,-0.140625,-0.15625,-0.09375,0.046875,-0.34375,-0.09375,0.046875,-0.15625,0.09375,0.046875,-0.34375,0.09375,0.046875,-0.15625,-0.09375,-0.140625,-0.15625,-0.09375,-0.140625,-0.34375,0.09375,-0.140625,-0.15625,0.09375,-0.140625,-0.34375,-0.09375,0.046875,-0.15625,-0.09375,-0.140625,-0.15625,0.09375,0.046875,-0.15625,0.09375,-0.140625,-0.15625,0.09375,0.046875,-0.34375,0.09375,-0.140625,-0.34375,-0.09375,0.046875,-0.34375,-0.09375,-0.140625,-0.34375,0.09375,0.234375,0.15625,0.09375,-0.140625,0.15625,0.09375,0.234375,-0.15625,0.09375,-0.140625,-0.15625,-0.09375,0.234375,-0.15625,-0.09375,-0.140625,-0.15625,-0.09375,0.234375,0.15625,-0.09375,-0.140625,0.15625,-0.09375,0.234375,-0.15625,-0.09375,0.234375,0.15625,0.09375,0.234375,-0.15625,0.09375,0.234375,0.15625,-0.09375,-0.140625,0.15625,-0.09375,-0.140625,-0.15625,0.09375,-0.140625,0.15625,0.09375,-0.140625,-0.15625,-0.09375,0.234375,0.15625,-0.09375,-0.140625,0.15625,0.09375,0.234375,0.15625,0.09375,-0.140625,0.15625,0.09375,0.234375,-0.15625,0.09375,-0.140625,-0.15625,-0.09375,0.234375,-0.15625,-0.09375,-0.140625,-0.15625,0.09375,0.046875,-0.15625,0.09375,-0.140625,-0.15625,0.09375,0.046875,-0.34375,0.09375,-0.140625,-0.34375,-0.09375,0.046875,-0.34375,-0.09375,-0.140625,-0.34375,-0.09375,0.046875,-0.15625,-0.09375,-0.140625,-0.15625,-0.09375,0.046875,-0.34375,-0.09375,0.046875,-0.15625,0.09375,0.046875,-0.34375,0.09375,0.046875,-0.15625,-0.09375,-0.140625,-0.15625,-0.09375,-0.140625,-0.34375,0.09375,-0.140625,-0.15625,0.09375,-0.140625,-0.34375,-0.09375,0.046875,-0.15625,-0.09375,-0.140625,-0.15625,0.09375,0.046875,-0.15625,0.09375,-0.140625,-0.15625,0.09375,0.046875,-0.34375,0.09375,-0.140625,-0.34375,-0.09375,0.046875,-0.34375,-0.09375,-0.140625,-0.34375,0.109375,0.09375,0.0625,0.109375,-0.09375,0.0625,0.109375,0.09375,-0.25,0.109375,-0.09375,-0.25,-0.109375,0.09375,-0.25,-0.109375,-0.09375,-0.25,-0.109375,0.09375,0.0625,-0.109375,-0.09375,0.0625,-0.109375,0.09375,-0.25,-0.109375,0.09375,0.0625,0.109375,0.09375,-0.25,0.109375,0.09375,0.0625,-0.109375,-0.09375,0.0625,-0.109375,-0.09375,-0.25,0.109375,-0.09375,0.0625,0.109375,-0.09375,-0.25,-0.109375,0.09375,0.0625,-0.109375,-0.09375,0.0625,0.109375,0.09375,0.0625,0.109375,-0.09375,0.0625,0.109375,0.09375,-0.25,0.109375,-0.09375,-0.25,-0.109375,0.09375,-0.25,-0.109375,-0.09375,-0.25,0.109375,0.09375,0.0625,0.109375,-0.09375,0.0625,0.109375,0.09375,-0.25,0.109375,-0.09375,-0.25,-0.109375,0.09375,-0.25,-0.109375,-0.09375,-0.25,-0.109375,0.09375,0.0625,-0.109375,-0.09375,0.0625,-0.109375,0.09375,-0.25,-0.109375,0.09375,0.0625,0.109375,0.09375,-0.25,0.109375,0.09375,0.0625,-0.109375,-0.09375,0.0625,-0.109375,-0.09375,-0.25,0.109375,-0.09375,0.0625,0.109375,-0.09375,-0.25,-0.109375,0.09375,0.0625,-0.109375,-0.09375,0.0625,0.109375,0.09375,0.0625,0.109375,-0.09375,0.0625,0.109375,0.09375,-0.25,0.109375,-0.09375,-0.25,-0.109375,0.09375,-0.25,-0.109375,-0.09375,-0.25],