{"schemaVersion":4,"source":{"uri":"models/Pets/Deer/deer.gltf","sha256":"da6bf7da6e24633b2f90c48a03a50e6cc88383d3607121ede38fd8216ffd6e63"},"animationNames":[],"boundingBox":{"min":{"x":-0.9003041156907787,"y":0,"z":-0.8125},"max":{"x":0.9003041156907787,"y":2.1531534160111683,"z":0.625}},"nodeNames":["cube","tail","cube","cube","cube","left_horn","cube","cube","cube","right_horn","cube","left_ear","cube","right_ear","cube","cube","head","cube","left_arm","cube","left_leg","cube","right_leg","cube","right_arm","cube","body","deer",""],"trimesh":{"vertices":[0.09375,-0.26407670974731445,0.71875,0.09375,-0.45157670974731445,0.71875,0.09375,-0.26407670974731445,0.53125,0.09375,-0.45157670974731445,0.53125,-0.09375,-0.26407670974731445,0.53125,-0.09375,-0.45157670974731445,0.53125,-0.09375,-0.26407670974731445,0.71875,-0.09375,-0.45157670974731445,0.71875,-0.09375,-0.26407670974731445,0.53125,-0.09375,-0.26407670974731445,0.71875,0.09375,-0.26407670974731445,0.53125,0.09375,-0.26407670974731445,0.71875,-0.09375,-0.45157670974731445,0.71875,-0.09375,-0.45157670974731445,0.53125,0.09375,-0.45157670974731445,0.71875,0.09375,-0.45157670974731445,0.53125,-0.09375,-0.26407670974731445,0.71875,-0.09375,-0.45157670974731445,0.71875,0.09375,-0.26407670974731445,0.71875,0.09375,-0.45157670974731445,0.71875,0.09375,-0.26407670974731445,0.53125,0.09375,-0.45157670974731445,0.53125,-0.09375,-0.26407670974731445,0.53125,-0.09375,-0.45157670974731445,0.53125,-0.337610125541687,0.46668142080307007,-0.15625,-0.36466509103775024,0.3446444272994995,-0.15625,-0.337610125541687,0.46668142080307007,-0.28125,-0.36466509103775024,0.3446444272994995,-0.28125,-0.7037211656570435,0.5478463172912598,-0.28125,-0.7307760715484619,0.42580926418304443,-0.28125,-0.7037211656570435,0.5478463172912598,-0.15625,-0.7307760715484619,0.42580926418304443,-0.15625,-0.7037211656570435,0.5478463172912598,-0.28125,-0.7037211656570435,0.5478463172912598,-0.15625,-0.337610125541687,0.46668142080307007,-0.28125,-0.337610125541687,0.46668142080307007,-0.15625,-0.7307760715484619,0.42580926418304443,-0.15625,-0.7307760715484619,0.42580926418304443,-0.28125,-0.36466509103775024,0.3446444272994995,-0.15625,-0.36466509103775024,0.3446444272994995,-0.28125,-0.7037211656570435,0.5478463172912598,-0.15625,-0.7307760715484619,0.42580926418304443,-0.15625,-0.337610125541687,0.46668142080307007,-0.15625,-0.36466509103775024,0.3446444272994995,-0.15625,-0.337610125541687,0.46668142080307007,-0.28125,-0.36466509103775024,0.3446444272994995,-0.28125,-0.7037211656570435,0.5478463172912598,-0.28125,-0.7307760715484619,0.42580926418304443,-0.28125,-0.11690129339694977,0.3505792021751404,-0.171875,-0.1565217524766922,0.2656128406524658,-0.171875,-0.11690129339694977,0.3505792021751404,-0.265625,-0.1565217524766922,0.2656128406524658,-0.265625,-0.3434782326221466,0.4562337398529053,-0.265625,-0.38309869170188904,0.3712673783302307,-0.265625,-0.3434782326221466,0.4562337398529053,-0.171875,-0.38309869170188904,0.3712673783302307,-0.171875,-0.3434782326221466,0.4562337398529053,-0.265625,-0.3434782326221466,0.4562337398529053,-0.171875,-0.11690129339694977,0.3505792021751404,-0.265625,-0.11690129339694977,0.3505792021751404,-0.171875,-0.38309869170188904,0.3712673783302307,-0.171875,-0.38309869170188904,0.3712673783302307,-0.265625,-0.1565217524766922,0.2656128406524658,-0.171875,-0.1565217524766922,0.2656128406524658,-0.265625,-0.3434782326221466,0.4562337398529053,-0.171875,-0.38309869170188904,0.3712673783302307,-0.171875,-0.11690129339694977,0.3505792021751404,-0.171875,-0.1565217524766922,0.2656128406524658,-0.171875,-0.11690129339694977,0.3505792021751404,-0.265625,-0.1565217524766922,0.2656128406524658,-0.265625,-0.3434782326221466,0.4562337398529053,-0.265625,-0.38309869170188904,0.3712673783302307,-0.265625,-0.1073533296585083,0.9277744293212891,-0.21875,-0.1073533296585083,0.9277744293212891,-0.21875,-0.22910061478614807,0.37860798835754395,-0.21875,-0.7785568237304688,1.0765767097473145,-0.21875,-0.7785568237304688,1.0765767097473145,-0.21875,-0.9003041386604309,0.5274101495742798,-0.21875,-0.1073533296585083,0.9277744293212891,-0.21875,-0.1073533296585083,0.9277744293212891,-0.21875,-0.7785568237304688,1.0765767097473145,-0.21875,-0.22910061478614807,0.37860798835754395,-0.21875,-0.22910061478614807,0.37860798835754395,-0.21875,-0.9003041386604309,0.5274101495742798,-0.21875,-0.9003041386604309,0.5274101495742798,-0.21875,-0.7785568237304688,1.0765767097473145,-0.21875,-0.1073533296585083,0.9277744293212891,-0.21875,-0.22910061478614807,0.37860798835754395,-0.21875,0.7037211656570435,0.5478463172912598,-0.15625,0.7307760715484619,0.42580926418304443,-0.15625,0.7037211656570435,0.5478463172912598,-0.28125,0.7307760715484619,0.42580926418304443,-0.28125,0.337610125541687,0.46668142080307007,-0.28125,0.36466509103775024,0.3446444272994995,-0.28125,0.337610125541687,0.46668142080307007,-0.15625,0.36466509103775024,0.3446444272994995,-0.15625,0.337610125541687,0.46668142080307007,-0.28125,0.337610125541687,0.46668142080307007,-0.15625,0.7037211656570435,0.5478463172912598,-0.28125,0.7037211656570435,0.5478463172912598,-0.15625,0.36466509103775024,0.3446444272994995,-0.15625,0.36466509103775024,0.3446444272994995,-0.28125,0.7307760715484619,0.42580926418304443,-0.15625,0.7307760715484619,0.42580926418304443,-0.28125,0.337610125541687,0.46668142080307007,-0.15625,0.36466509103775024,0.3446444272994995,-0.15625,0.7037211656570435,0.5478463172912598,-0.15625,0.7307760715484619,0.42580926418304443,-0.15625,0.7037211656570435,0.5478463172912598,-0.28125,0.7307760715484619,0.42580926418304443,-0.28125,0.337610125541687,0.46668142080307007,-0.28125,0.36466509103775024,0.3446444272994995,-0.28125,0.3434782326221466,0.4562337398529053,-0.171875,0.38309869170188904,0.3712673783302307,-0.171875,0.3434782326221466,0.4562337398529053,-0.265625,0.38309869170188904,0.3712673783302307,-0.265625,0.11690129339694977,0.3505792021751404,-0.265625,0.1565217524766922,0.2656128406524658,-0.265625,0.11690129339694977,0.3505792021751404,-0.171875,0.1565217524766922,0.2656128406524658,-0.171875,0.11690129339694977,0.3505792021751404,-0.265625,0.11690129339694977,0.3505792021751404,-0.171875,0.3434782326221466,0.4562337398529053,-0.265625,0.3434782326221466,0.4562337398529053,-0.171875,0.1565217524766922,0.2656128406524658,-0.171875,0.1565217524766922,0.2656128406524658,-0.265625,0.38309869170188904,0.3712673783302307,-0.171875,0.38309869170188904,0.3712673783302307,-0.265625,0.11690129339694977,0.3505792021751404,-0.171875,0.1565217524766922,0.2656128406524658,-0.171875,0.3434782326221466,0.4562337398529053,-0.171875,0.38309869170188904,0.3712673783302307,-0.171875,0.3434782326221466,0.4562337398529053,-0.265625,0.38309869170188904,0.3712673783302307,-0.265625,0.11690129339694977,0.3505792021751404,-0.265625,0.1565217524766922,0.2656128406524658,-0.265625,0.7785568237304688,1.0765767097473145,-0.21875,0.7785568237304688,1.0765767097473145,-0.21875,0.9003041386604309,0.5274101495742798,-0.21875,0.1073533296585083,0.9277744293212891,-0.21875,0.1073533296585083,0.9277744293212891,-0.21875,0.22910061478614807,0.37860798835754395,-0.21875,0.7785568237304688,1.0765767097473145,-0.21875,0.7785568237304688,1.0765767097473145,-0.21875,0.1073533296585083,0.9277744293212891,-0.21875,0.9003041386604309,0.5274101495742798,-0.21875,0.9003041386604309,0.5274101495742798,-0.21875,0.22910061478614807,0.37860798835754395,-0.21875,0.22910061478614807,0.37860798835754395,-0.21875,0.1073533296585083,0.9277744293212891,-0.21875,0.7785568237304688,1.0765767097473145,-0.21875,0.9003041386604309,0.5274101495742798,-0.21875,-0.125,0.5484232902526855,-0.3125,-0.125,0.29842329025268555,-0.3125,-0.125,0.5484232902526855,-0.375,-0.125,0.29842329025268555,-0.375,-0.3125,0.5484232902526855,-0.375,-0.3125,0.29842329025268555,-0.375,-0.3125,0.5484232902526855,-0.3125,-0.3125,0.29842329025268555,-0.3125,-0.3125,0.5484232902526855,-0.375,-0.3125,0.5484232902526855,-0.3125,