{"schemaVersion":4,"source":{"uri":"models/Pickaxes/PickaxeModelDiamond/diamond-pickaxe.gltf","sha256":"70fe0e5c16a819b5a2fa81a30a2d9a9a72b191de31e53ffd7a680e1a6deb77b8"},"animationNames":[],"boundingBox":{"min":{"x":-0.3662455094544388,"y":0.0007851958077213783,"z":-0.0625},"max":{"x":0.3662455094544388,"y":0.971436567987185,"z":0.0625}},"nodeNames":["cube","cube","cube","cube","cube","cube","cube","cube","cube","cube","pickaxe"],"trimesh":{"vertices":[0.03125,0.3732641041278839,0.03125,0.03125,-0.4079858958721161,0.03125,0.03125,0.3732641041278839,-0.03125,0.03125,-0.4079858958721161,-0.03125,-0.03125,0.3732641041278839,-0.03125,-0.03125,-0.4079858958721161,-0.03125,-0.03125,0.3732641041278839,0.03125,-0.03125,-0.4079858958721161,0.03125,-0.03125,0.3732641041278839,-0.03125,-0.03125,0.3732641041278839,0.03125,0.03125,0.3732641041278839,-0.03125,0.03125,0.3732641041278839,0.03125,-0.03125,-0.4079858958721161,0.03125,-0.03125,-0.4079858958721161,-0.03125,0.03125,-0.4079858958721161,0.03125,0.03125,-0.4079858958721161,-0.03125,-0.03125,0.3732641041278839,0.03125,-0.03125,-0.4079858958721161,0.03125,0.03125,0.3732641041278839,0.03125,0.03125,-0.4079858958721161,0.03125,0.03125,0.3732641041278839,-0.03125,0.03125,-0.4079858958721161,-0.03125,-0.03125,0.3732641041278839,-0.03125,-0.03125,-0.4079858958721161,-0.03125,0,0.40562453866004944,0.0625,0.11048543453216553,0.2951391041278839,0.0625,0,0.40562453866004944,-0.0625,0.11048543453216553,0.2951391041278839,-0.0625,-0.11048543453216553,0.2951391041278839,-0.0625,0,0.18465368449687958,-0.0625,-0.11048543453216553,0.2951391041278839,0.0625,0,0.18465368449687958,0.0625,-0.11048543453216553,0.2951391041278839,-0.0625,-0.11048543453216553,0.2951391041278839,0.0625,0,0.40562453866004944,-0.0625,0,0.40562453866004944,0.0625,0,0.18465368449687958,0.0625,0,0.18465368449687958,-0.0625,0.11048543453216553,0.2951391041278839,0.0625,0.11048543453216553,0.2951391041278839,-0.0625,-0.11048543453216553,0.2951391041278839,0.0625,0,0.18465368449687958,0.0625,0,0.40562453866004944,0.0625,0.11048543453216553,0.2951391041278839,0.0625,0,0.40562453866004944,-0.0625,0.11048543453216553,0.2951391041278839,-0.0625,-0.11048543453216553,0.2951391041278839,-0.0625,0,0.18465368449687958,-0.0625,-0.0500619038939476,0.36139509081840515,0.0234375,-0.033746130764484406,0.23746447265148163,0.0234375,-0.0500619038939476,0.36139509081840515,-0.0234375,-0.033746130764484406,0.23746447265148163,-0.0234375,-0.2359578162431717,0.33692142367362976,-0.0234375,-0.2196420431137085,0.21299080550670624,-0.0234375,-0.2359578162431717,0.33692142367362976,0.0234375,-0.2196420431137085,0.21299080550670624,0.0234375,-0.2359578162431717,0.33692142367362976,-0.0234375,-0.2359578162431717,0.33692142367362976,0.0234375,-0.0500619038939476,0.36139509081840515,-0.0234375,-0.0500619038939476,0.36139509081840515,0.0234375,-0.2196420431137085,0.21299080550670624,0.0234375,-0.2196420431137085,0.21299080550670624,-0.0234375,-0.033746130764484406,0.23746447265148163,0.0234375,-0.033746130764484406,0.23746447265148163,-0.0234375,-0.2359578162431717,0.33692142367362976,0.0234375,-0.2196420431137085,0.21299080550670624,0.0234375,-0.0500619038939476,0.36139509081840515,0.0234375,-0.033746130764484406,0.23746447265148163,0.0234375,-0.0500619038939476,0.36139509081840515,-0.0234375,-0.033746130764484406,0.23746447265148163,-0.0234375,-0.2359578162431717,0.33692142367362976,-0.0234375,-0.2196420431137085,0.21299080550670624,-0.0234375,0,-0.3085489869117737,0.046875,0.0883883461356163,-0.3969373404979706,0.046875,0,-0.3085489869117737,-0.046875,0.0883883461356163,-0.3969373404979706,-0.046875,-0.0883883461356163,-0.3969373404979706,-0.046875,0,-0.4853256940841675,-0.046875,-0.0883883461356163,-0.3969373404979706,0.046875,0,-0.4853256940841675,0.046875,-0.0883883461356163,-0.3969373404979706,-0.046875,-0.0883883461356163,-0.3969373404979706,0.046875,0,-0.3085489869117737,-0.046875,0,-0.3085489869117737,0.046875,0,-0.4853256940841675,0.046875,0,-0.4853256940841675,-0.046875,0.0883883461356163,-0.3969373404979706,0.046875,0.0883883461356163,-0.3969373404979706,-0.046875,-0.0883883461356163,-0.3969373404979706,0.046875,0,-0.4853256940841675,0.046875,0,-0.3085489869117737,0.046875,0.0883883461356163,-0.3969373404979706,0.046875,0,-0.3085489869117737,-0.046875,0.0883883461356163,-0.3969373404979706,-0.046875,-0.0883883461356163,-0.3969373404979706,-0.046875,0,-0.4853256940841675,-0.046875,-0.2268235832452774,0.30345234274864197,0,-0.2268235832452774,0.30345234274864197,0,-0.20642885565757751,0.14853911101818085,0,-0.3662455081939697,0.2850970923900604,0,-0.3662455081939697,0.2850970923900604,0,-0.34585079550743103,0.1301838606595993,0,-0.2268235832452774,0.30345234274864197,0,-0.3662455081939697,0.2850970923900604,0,-0.2268235832452774,0.30345234274864197,0,-0.20642885565757751,0.14853911101818085,0,-0.34585079550743103,0.1301838606595993,0,-0.20642885565757751,0.14853911101818085,0,-0.34585079550743103,0.1301838606595993,0,-0.3662455081939697,0.2850970923900604,0,-0.2268235832452774,0.30345234274864197,0,-0.20642885565757751,0.14853911101818085,0,0.0625,-0.2829858958721161,0.0546875,0.0625,-0.3454858958721161,0.0546875,0.0625,-0.2829858958721161,-0.0546875,0.0625,-0.3454858958721161,-0.0546875,-0.0625,-0.2829858958721161,-0.0546875,-0.0625,-0.3454858958721161,-0.0546875,-0.0625,-0.2829858958721161,0.0546875,-0.0625,-0.3454858958721161,0.0546875,-0.0625,-0.2829858958721161,-0.0546875,-0.0625,-0.2829858958721161,0.0546875,0.0625,-0.2829858958721161,-0.0546875,0.0625,-0.2829858958721161,0.0546875,-0.0625,-0.3454858958721161,0.0546875,-0.0625,-0.3454858958721161,-0.0546875,0.0625,-0.3454858958721161,0.0546875,0.0625,-0.3454858958721161,-0.0546875,-0.0625,-0.2829858958721161,0.0546875,-0.0625,-0.3454858958721161,0.0546875,0.0625,-0.2829858958721161,0.0546875,0.0625,-0.3454858958721161,0.0546875,0.0625,-0.2829858958721161,-0.0546875,0.0625,-0.3454858958721161,-0.0546875,-0.0625,-0.2829858958721161,-0.0546875,-0.0625,-0.3454858958721161,-0.0546875,0.2268235683441162,0.30345234274864197,0,0.2268235683441162,0.30345234274864197,0,0.20642885565757751,0.14853911101818085,0,0.3662455081939697,0.2850970923900604,0,0.3662455081939697,0.2850970923900604,0,0.34585079550743103,0.1301838606595993,0,0.3662455081939697,0.2850970923900604,0,0.2268235683441162,0.30345234274864197,0,0.3662455081939697,0.2850970923900604,0,0.34585079550743103,0.1301838606595993,0,0.20642885565757751,0.14853911101818085,0,0.34585079550743103,0.1301838606595993,0,0.2268235683441162,0.30345234274864197,0,0.3662455081939697,0.2850970923900604,0,0.34585079550743103,0.1301838606595993,0,0.20642885565757751,0.14853911101818085,0,0.2359578013420105,0.33692142367362976,0.0234375,0.2196420431137085,0.21299080550670624,0.0234375,0.2359578013420105,0.33692142367362976,-0.0234375,0.2196420431137085,0.21299080550670624,-0.0234375,0.0500619038939476,0.36139509081840515,-0.0234375,0.033746130764484406,0.23746447265148163,-0.0234375,0.0500619038939476,0.36139509081840515,0.0234375,0.033746130764484406,0.23746447265148163,0.0234375,0.0500619038939476,0.36139509081840515,-0.0234375,0.0500619038939476,0.36139509081840515,0.0234375,0.2359578013420105,0.33692142367362976,-0.0234375,0.2359578013420105,0.33692142367362976,0.0234375,0.033746130764484406,0.23746447265148163,0.0234375,0.033746130764484406,0.23746447265148163,-0.0234375,0.2196420431137085,0.21299080550670624,0.0234375,0.2196420431137085,0.21299080550670624,-0.0234375,0.0500619038939476,0.36139509081840515,0.0234375,0.033746130764484406,0.23746447265148163,0.0234375,0.2359578013420105,0.33692142367362976,0.0234375,0.2196420431137085,0.21299080550670624,0.0234375,0.2359578013420105,0.33692142367362976,-0.0234375,0.2196420431137085,0.21299080550670624,-0.0234375,0.0500619038939476,0.36139509081840515,-0.0234375,0.033746130764484406,0.23746447265148163,-0.0234375,-0.0663776770234108,0.4853256642818451,0,-0.0663776770234108,0.4853256642818451,0,-0.0500619038939476,